"geoid10","resid","expression","callsXtree","covered"
"17031010100",-1.93904328983864,Inf,3.12492055287127e-05,0.173939601982087
"17031010201",-3.3911994471047,Inf,2.81537399957569e-05,0.291896004025562
"17031010202",-3.23258826978329,NA,0,0.225376856122674
"17031010300",-2.05293166715141,Inf,5.32807797476532e-05,0.295532301269473
"17031010400",-3.14043795695433,Inf,1.95797515381609e-05,0.236618753932019
"17031010501",-1.22384275791755,Inf,4.37180242831052e-05,0.226303513139
"17031010502",-1.90424989244547,Inf,2.23208859555898e-05,0.250050380096175
"17031010503",-2.40744927743957,NA,0,0.232350864252754
"17031010600",-3.43733177209805,Inf,2.91173557511416e-05,0.299360190135035
"17031010701",-0.370195588913133,Inf,8.10436138744565e-05,0.446584455231059
"17031010702",-2.47425014142492,Inf,1.70686081991309e-05,0.181503578616623
"17031020100",-1.38305260885428,Inf,4.9713323264065e-05,0.255857543636582
"17031020200",-4.69373874222504,Inf,3.2896779456164e-05,0.274204027160903
"17031020301",-1.74631713342678,Inf,5.56629647166464e-05,0.223586983540769
"17031020302",-3.86382068323006,Inf,1.83439283489565e-05,0.267133715211811
"17031020400",-1.49889927046466,Inf,5.97318700314576e-05,0.340957053856938
"17031020500",-4.29514375533561,Inf,2.40658006057257e-05,0.275700422204089
"17031020601",-2.63468614541296,Inf,3.82953981536665e-05,0.23617869125227
"17031020602",-1.32939573139518,Inf,5.3940140161092e-05,0.248115899746014
"17031020701",-1.14746938736764,Inf,4.36436114647968e-05,0.350797322111788
"17031020702",-3.36175566953701,Inf,2.92275949570845e-05,0.218078894291214
"17031020801",-2.84002028331782,Inf,3.18710147605632e-05,0.215939784998517
"17031020802",2.25292737303042,Inf,0.00018466411194003,0.229503973960821
"17031020901",-1.57935916787035,Inf,4.4721838268412e-05,0.150079219634433
"17031020902",-3.27425828558082,Inf,1.11687933605272e-05,0.193875874463714
"17031030101",-1.67663419545719,NA,0,0.161840823855415
"17031030102",2.14193018981393,Inf,0.000411930322420699,0.0795368073207775
"17031030103",-1.17347817337927,NA,0,0.15465124410316
"17031030104",-1.38523802257921,NA,0,0.120015213535899
"17031030200",-3.54402217512009,Inf,3.25477109418929e-05,0.29122900183325
"17031030300",-1.2422160090431,Inf,4.59080808033982e-05,0.307436261423043
"17031030400",0.43074046159914,Inf,9.34326460720231e-05,0.23604656672085
"17031030500",-3.53770547485722,Inf,2.75782641612447e-05,0.281697455936799
"17031030601",-0.545155360058843,Inf,5.39350200798184e-05,0.140984396560542
"17031030603",-1.42644420660508,NA,0,0.156848174811959
"17031030604",1.18544897415153,Inf,0.000163135715654077,0.140392923385029
"17031030701",-1.03391186322511,NA,0,0.10591619998707
"17031030702",-0.111739848539009,NA,0,0.0176222360116653
"17031030703",-2.29935974956092,NA,0,0.216108789178218
"17031030706",-1.75585409287398,Inf,2.27535994410056e-05,0.223593823811021
"17031030800",-3.74460408747882,Inf,2.28043995303359e-05,0.332751000416747
"17031030900",-2.98951094832827,Inf,1.14843205116228e-05,0.24655163392914
"17031031000",-3.00787134568283,Inf,1.18541022392241e-05,0.214193748826661
"17031031100",-3.44286755336198,Inf,1.67164726453763e-05,0.229300261371615
"17031031200",-2.43403091346353,NA,0,0.0952735238150783
"17031031300",-2.78361366119462,Inf,1.66240420423551e-05,0.234448481328801
"17031031400",-1.91377521719116,Inf,2.48063874021138e-05,0.189586529394857
"17031031501",-1.70543916488028,NA,0,0.113372086295572
"17031031502",-0.555459644948218,Inf,5.85346004558944e-05,0.113846039963151
"17031031700",-3.05461878876701,Inf,2.87437971620443e-05,0.218587399259571
"17031031800",-1.16865793906757,Inf,2.65930117866504e-05,0.195789920179035
"17031031900",-2.92532691393931,NA,0,0.213268586522422
"17031032100",-3.07319211154051,Inf,1.45685149282311e-05,0.174265040444022
"17031040100",-9.69115779126917,Inf,7.1177701310259e-06,0.402386240149281
"17031040201",-2.75832210320323,Inf,3.42237715852854e-05,0.179492182660246
"17031040202",-3.95661514595452,Inf,9.65484533652729e-06,0.186369425294457
"17031040300",-0.77416330395427,Inf,6.27280944482295e-05,0.358634897755787
"17031040401",-3.82943349585598,NA,0,0.242351859062942
"17031040402",-2.91718187714826,Inf,2.06895271930579e-05,0.240161393660068
"17031040600",-3.36688308565343,NA,0,0.247221141973688
"17031040700",-3.83905546830067,NA,0,0.250212543387287
"17031040800",-1.68614371363729,Inf,1.83992116808567e-05,0.267714394583173
"17031040900",-2.21025753529925,Inf,1.47198562885657e-05,0.274619584336665
"17031050100",-1.57559505448439,Inf,2.18962753529174e-05,0.18442636330953
"17031050200",-2.9505974611246,Inf,2.99576554239077e-05,0.217159902186304
"17031050300",-1.98960529705711,Inf,2.5133025662257e-05,0.222722860064861
"17031050500",-2.42895733494653,Inf,4.17950911253252e-05,0.237964839117945
"17031050600",-1.88703924919303,Inf,1.82773730723637e-05,0.209983949807199
"17031050700",-0.579023891550619,Inf,4.483771938002e-05,0.298419435209501
"17031050800",0.483236521510596,Inf,8.35601649889553e-05,0.224124687556648
"17031050900",-0.762537059032188,Inf,3.26306155735061e-05,0.200906394706511
"17031051000",-0.855015258751452,Inf,3.11143591156257e-05,0.207313964998811
"17031051100",-0.24728198729603,Inf,5.61929512482318e-05,0.218757416618835
"17031051200",1.89167080704787,Inf,0.00016331521115652,0.244947019644102
"17031051300",-1.93843969020243,Inf,2.58520080461794e-05,0.246428597285411
"17031051400",-1.46888143189252,Inf,3.0568971534027e-05,0.209284731616168
"17031060100",-3.01940458067609,Inf,1.02192975258748e-05,0.332082154338213
"17031060200",-1.82339258123156,Inf,2.53563091624193e-05,0.297496483381856
"17031060300",-2.12977748457295,Inf,2.48748773889392e-05,0.266008611589201
"17031060400",-2.85864151422672,Inf,1.28417727498966e-05,0.253980431886623
"17031060500",-3.05040558789702,NA,0,0.34184800546516
"17031060800",-1.90719853178443,NA,0,0.149995612240956
"17031060900",-0.566945495449597,Inf,7.75264985837992e-05,0.120166041010822
"17031061000",-0.763335325129339,Inf,3.64276998888059e-05,0.163673226087888
"17031061100",-1.47169212631261,NA,0,0.159895591265254
"17031061200",-0.282537955467319,Inf,6.33122061975337e-05,0.181584435866574
"17031061500",-0.97748824503065,Inf,3.21099810973994e-05,0.204223523441428
"17031061800",-1.3597713736485,NA,0,0.182136380656209
"17031061901",-0.215802176498126,Inf,8.00430286574548e-05,0.159701880269401
"17031061902",-1.32879076801937,NA,0,0.0998657147515143
"17031062000",-1.52984871343591,Inf,2.44763437242956e-05,0.185527397794871
"17031062100",0.0290586981224186,Inf,9.04359565462325e-05,0.0912460752921951
"17031062200",-0.173102152143616,Inf,7.73850440258494e-05,0.163243961428653
"17031062300",-0.776830850048109,Inf,3.39847815923744e-05,0.183007853971171
"17031062400",-0.207739933683318,Inf,6.08548601624487e-05,0.211779274535687
"17031062500",-0.477309136117043,Inf,4.09653772610345e-05,0.158143037203013
"17031062600",-0.465443522457572,Inf,5.43013157192121e-05,0.11894907009171
"17031062700",-2.91036002847411,NA,0,0.167567311731509
"17031062800",-1.07363752233253,Inf,5.11355688611902e-05,0.180177155564132
"17031062900",-3.88533653853228,NA,0,0.243037722919063
"17031063000",-1.57478502690641,Inf,2.58723659483088e-05,0.145201140279455
"17031063100",-1.88043648653912,NA,0,0.138705265288396
"17031063200",-2.8895794011847,NA,0,0.177964633576241
"17031063301",-1.48946443653415,NA,0,0.143344848867118
"17031063302",-1.81161604030155,NA,0,0.143099253388834
"17031063303",-0.857990702077002,NA,0,0.158299981393636
"17031063400",-1.6027563657211,NA,0,0.114070158911223
"17031070101",-1.856998505674,NA,0,0.170741058161453
"17031070102",-1.53142829499784,NA,0,0.122495626150948
"17031070103",-1.36640784940375,NA,0,0.183559111320953
"17031070200",0.65078833916042,Inf,0.000119230920747846,0.200166130534255
"17031070300",-1.78130866185648,Inf,3.11639519412317e-05,0.213522419358721
"17031070400",-2.40780122835984,Inf,1.52025184944602e-05,0.235907888735928
"17031070500",-2.12652501974809,Inf,1.75054478022105e-05,0.20382683524508
"17031070600",-2.21208751060853,Inf,1.59588832986846e-05,0.186582820633096
"17031070700",-3.03164063658142,NA,0,0.0967145618504713
"17031071000",-1.28388211656446,Inf,4.96749514923622e-05,0.202249143522784
"17031071100",-3.83091614433472,NA,0,0.276095117019016
"17031071200",-1.3301944980718,Inf,3.30930337483985e-05,0.232770771077264
"17031071300",-2.86294461205166,Inf,1.2755232856148e-05,0.266320309770837
"17031071400",-1.12590849292221,Inf,3.82994127180419e-05,0.14769922119939
"17031071500",-2.4459197320347,Inf,1.84512555058382e-05,0.191118631218136
"17031071600",-2.59074976440372,NA,0,0.291695871827027
"17031071700",-2.42337133650207,NA,0,0.273465847476049
"17031071800",-0.779963203199781,Inf,5.27651293790997e-05,0.238401417593445
"17031080100",-2.99228616900682,NA,0,0.204254969924644
"17031080201",-2.11623659533227,NA,0,0.201565573983839
"17031080202",-2.16897253300325,NA,0,0.172353940351506
"17031080300",-1.6804518700452,Inf,2.60948453878202e-05,0.117692922463012
"17031080400",-2.39380402672162,NA,0,0.103616931826368
"17031081000",-2.89766746557631,NA,0,0.16593684217358
"17031081100",-1.00891438726238,NA,0,0.0702649284041974
"17031081201",-0.891806612298835,NA,0,0.0331331298468551
"17031081202",-1.58821450014762,NA,0,0.120403181335742
"17031081300",-1.2291190983493,NA,0,0.0569681487293204
"17031081401",-0.773021654434738,NA,0,0.0380166410846964
"17031081402",-1.00755593608359,NA,0,0.0504490130785091
"17031081403",-1.14433677561406,NA,0,0.0284994173032756
"17031081500",-0.911954494098847,NA,0,0.0376750177034965
"17031081600",-0.491510102252635,NA,0,0.0172148281319031
"17031081700",-0.793662724713569,NA,0,0.030078154408667
"17031081800",-1.49278759994531,NA,0,0.0283044350125517
"17031081900",-1.45774916524649,NA,0,0.129598190076366
"17031090100",0.763219321018204,Inf,0.000102251483398221,0.181384166243014
"17031090200",4.30494514828619,Inf,0.000192475945874858,0.247383473987867
"17031090300",3.08219909166414,Inf,0.000169548201185698,0.234879985806428
"17031100100",2.01443204510575,Inf,0.000153286755424124,0.200917949799405
"17031100200",6.38541068686285,Inf,0.000244765704021389,0.221819954048762
"17031100300",2.47602415053977,Inf,0.000140487132565289,0.30336305690155
"17031100400",7.43675717572854,Inf,0.000290775300692925,0.209951720361867
"17031100500",4.9890674706961,Inf,0.000204116483351985,0.171198403837773
"17031100600",5.73947895412104,Inf,0.000248383871645751,0.190401728970904
"17031100700",6.19245756638466,Inf,0.000256591670317718,0.179340399168475
"17031110100",-5.481791745046,Inf,2.98380913166814e-05,0.303638677702549
"17031110200",-1.51524994324516,Inf,3.26493314426037e-05,0.140688873198332
"17031110300",1.4468710806784,Inf,0.000131255687997637,0.175527153366831
"17031110400",1.87799647062825,Inf,0.000151080181208749,0.186979851798693
"17031110501",2.55043782594563,Inf,0.00016541456273172,0.217697368844192
"17031110502",0.683478243561716,Inf,0.000110283104708342,0.188888707747437
"17031120100",-6.36512248806179,Inf,3.49301674754069e-05,0.525559848154783
"17031120200",-11.0374453441198,Inf,7.43815335748572e-06,0.468188029402425
"17031120300",-5.78357781121038,Inf,4.1193955750189e-05,0.348957983204152
"17031120400",-2.4720514891103,Inf,4.51792733217047e-05,0.31019591453273
"17031130100",-8.42600912851616,Inf,1.81761809319127e-05,0.404871139525651
"17031130200",-5.71527740863576,Inf,5.56422867131997e-06,0.376834475817155
"17031130300",-3.18651354848276,Inf,3.5368427312331e-05,0.307020303130756
"17031140100",-2.89412445670404,NA,0,0.217249253922471
"17031140200",-0.00913174250149537,Inf,0.000108620831988138,0.180648687598468
"17031140301",-0.241867363307145,Inf,6.64944261182963e-05,0.183258275861263
"17031140302",-1.7562260413172,Inf,4.54651749630956e-05,0.281045573986321
"17031140400",-1.47128706495295,Inf,7.55602124405009e-05,0.205191746293982
"17031140500",0.853361289782573,Inf,0.000123598462250543,0.182008935604609
"17031140601",1.31747474214488,Inf,0.000132761248260861,0.247036935022662
"17031140602",-2.9610094956574,Inf,1.30961933201243e-05,0.216499470668217
"17031140701",-2.10405839790564,NA,0,0.167111643278045
"17031140702",-1.33014821038011,Inf,5.90831483002851e-05,0.219215389495968
"17031140800",-2.44301534075801,Inf,5.85980685863335e-05,0.272315357234473
"17031150200",-1.79461485176605,Inf,7.57731149592998e-05,0.224363798334517
"17031150300",3.31617968260384,Inf,0.000184927003740826,0.224650287967751
"17031150401",1.96590021380318,Inf,0.000151852920715869,0.190227008292786
"17031150402",1.2653550325014,Inf,0.000127315551888543,0.181604241105007
"17031150501",5.75428416400576,Inf,0.000260115726182863,0.215068454900491
"17031150502",4.28160141933904,Inf,0.000224799160122263,0.218607666105711
"17031150600",0.0781391102083907,Inf,8.81442624373924e-05,0.274754702951919
"17031150700",7.70624705146684,Inf,0.000377534445728224,0.197030252677936
"17031150800",-0.0698032237419326,Inf,9.54775287094156e-05,0.170598858894781
"17031151001",6.31357398685097,Inf,0.000449222071511258,0.161808552181659
"17031151002",9.57755945883814,Inf,0.00060567470468743,0.153175751734843
"17031151100",4.63957470779463,Inf,0.000280429031344015,0.163207834701782
"17031151200",9.27240305205295,Inf,0.000587297552019285,0.122754451345728
"17031160100",-2.00135284071871,Inf,3.59947653889434e-05,0.325719502896027
"17031160200",1.65393173461715,Inf,0.000126869483435716,0.219901055790145
"17031160300",2.14361435506921,Inf,0.000163623250393688,0.255422644922661
"17031160400",-2.05093805044612,Inf,5.35876368306324e-05,0.286638697973297
"17031160501",-1.95002581808134,Inf,2.88875846984448e-05,0.213046202885292
"17031160502",2.40929725888256,Inf,0.000198117823196723,0.230980952850832
"17031160601",-1.8199328113594,Inf,3.02053364347032e-05,0.217373683740348
"17031160602",-0.662615427597433,Inf,6.53923834281492e-05,0.193655008735987
"17031160700",0.124310965510134,Inf,0.000105372415264229,0.199243905837836
"17031160800",2.17097258595933,Inf,0.00017062939376641,0.190607152485582
"17031160900",-0.867927458925956,Inf,5.95456217582256e-05,0.310823871363799
"17031161000",0.316400016554177,Inf,7.5976001339607e-05,0.279609599362937
"17031161100",-0.120357451886045,Inf,6.92451741216505e-05,0.321107049488569
"17031161200",0.673712680170052,Inf,0.000101615268408092,0.150197437296075
"17031161300",0.364463424846885,Inf,0.000101601873602016,0.176782655282075
"17031170100",-3.0176024942864,Inf,1.54261191762547e-05,0.133096310568848
"17031170200",12.773080876367,Inf,0.000610298474917075,0.202037738310714
"17031170300",-0.612443897655032,Inf,8.77991910652862e-05,0.214462039870027
"17031170400",1.85981163671554,Inf,0.000145956038179906,0.158475801838636
"17031170500",-3.42519931390824,Inf,4.15655805204815e-05,0.212760296801034
"17031170600",-0.15549177537773,Inf,7.47004456807631e-05,0.207999628083672
"17031170700",-1.77133954195797,Inf,3.44135660074494e-05,0.164520347539813
"17031170800",-0.831070643970967,Inf,6.58268031509485e-05,0.150001937480054
"17031170900",-0.339620450030017,Inf,5.50963240434205e-05,0.176279114957498
"17031171000",-0.693398054489011,Inf,9.71346509350046e-05,0.198758458598171
"17031171100",1.70598562547949,Inf,0.000151749955114744,0.151325407102593
"17031180100",0.0653392083009333,Inf,0.000101902472134345,0.183679144596422
"17031190100",2.65784283242847,Inf,0.000234541336571992,0.179545201434928
"17031190200",5.34325642733708,Inf,0.000328310407474937,0.151223731884116
"17031190300",2.74961925668018,Inf,0.000205937251331659,0.14543992631676
"17031190401",1.10772028176981,Inf,0.000136162510211295,0.118244043862007
"17031190402",4.1198845828092,Inf,0.0002528063586865,0.158446073082372
"17031190601",-0.0477333049254705,Inf,8.92686678337893e-05,0.180853331257152
"17031190602",5.21973373113559,Inf,0.000313673511465862,0.161489363963791
"17031190701",2.36332452364999,Inf,0.000242853521056721,0.104275165783424
"17031190702",1.93388974966994,Inf,0.000177633758597724,0.159714453827954
"17031190800",3.85928217531466,Inf,0.000267394842852947,0.139615059196281
"17031190900",1.48653140662741,Inf,0.000142862508257564,0.149458414201565
"17031191000",1.50736551412019,Inf,0.00015060830899943,0.112379351910738
"17031191100",-3.09415116476536,Inf,3.15488966505153e-05,0.165107863182185
"17031191200",-0.236406718484418,Inf,7.22738726693727e-05,0.162353540081549
"17031191301",0.181350216906937,Inf,0.000107498205926439,0.157373913083558
"17031191302",1.90233876048385,Inf,0.000164989242592399,0.130246318391689
"17031200100",1.07185157002234,Inf,0.000133805895845459,0.134222413008854
"17031200200",3.4961461652102,Inf,0.00023932143442859,0.172809594392956
"17031200300",-0.765110173628753,Inf,3.57629708771394e-05,0.143661239689664
"17031200401",1.55906827185219,Inf,0.000153135120464503,0.180093436422273
"17031200402",0.0264906836974576,Inf,8.96807796848638e-05,0.125151539096165
"17031210100",-0.80306316286183,Inf,6.35915776292811e-05,0.11895713403655
"17031210400",0.0295959062840883,Inf,8.45753380056837e-05,0.126798139870411
"17031210501",-0.784047993979877,Inf,5.55901509915589e-05,0.137699412723844
"17031210502",2.14731274548915,Inf,0.000217839204749569,0.127537675419133
"17031210601",-0.882597526069582,Inf,4.8556763863096e-05,0.156937872110616
"17031210602",-0.247760047763474,Inf,8.07093273833528e-05,0.110026418466842
"17031210700",2.03910906900879,Inf,0.000182784608779325,0.173258321664825
"17031210800",0.807995437158415,Inf,0.000110786594945541,0.162875108839741
"17031210900",-1.38636704849763,Inf,2.74446744927319e-05,0.109222558164405
"17031220300",-1.73209361600576,Inf,1.97364449268872e-05,0.206209973440043
"17031220400",-0.0826204832134406,Inf,7.59680063721522e-05,0.17204120804686
"17031220500",0.634822137504921,Inf,0.00011093290225553,0.162519093890528
"17031220601",-0.857219888713465,Inf,2.98824841840794e-05,0.186562732248845
"17031220602",-1.3562420350642,Inf,5.32252102130083e-05,0.167065848760919
"17031220701",1.41590930876634,Inf,0.000163735686393413,0.151457677094897
"17031220702",1.30729902880508,Inf,0.000148937854392611,0.158828365404325
"17031220901",-2.30562604480219,NA,0,0.129569323080712
"17031220902",-0.985894660350395,Inf,4.31449213107115e-05,0.156067148930002
"17031221000",-0.956706612260149,Inf,3.54265847684006e-05,0.13238506576627
"17031221100",-1.50595937662244,Inf,5.03809965802368e-05,0.183848055622792
"17031221200",-0.343655646450538,Inf,6.30601741992118e-05,0.193796970570918
"17031221300",-1.58967178352884,Inf,2.25646824386706e-05,0.161711850969611
"17031221400",-1.36868190346565,Inf,2.70673573557026e-05,0.114597864854131
"17031221500",0.71205168452062,Inf,0.00011301471626329,0.206669841715035
"17031221600",0.859505225991104,Inf,0.000120043960814302,0.178909789608318
"17031222200",-0.383636233575574,Inf,5.52515019836569e-05,0.162313659988104
"17031222500",1.05807721933606,Inf,0.000124602592270048,0.178745025140625
"17031222600",1.57395840710414,Inf,0.000150056954657306,0.220719760725331
"17031222700",-0.721699526258936,Inf,4.62592558326333e-05,0.212734408320334
"17031222800",0.0337304442714069,Inf,5.57109750473766e-05,0.17524997899658
"17031222900",-1.44239790563647,NA,0,0.158196692849137
"17031230100",0.804607369133877,Inf,0.000107081591707815,0.197943429651707
"17031230200",1.32843054871302,Inf,0.000135415251867475,0.157210351267492
"17031230300",-1.46108055373677,NA,0,0.185356263709147
"17031230400",0.214625084494985,Inf,8.5520168151329e-05,0.129526808710513
"17031230500",3.4761014621693,Inf,0.000289024154982815,0.149692235524701
"17031230600",-0.186454171478296,Inf,9.97646249126827e-05,0.117250488996511
"17031230700",-0.723727591680208,Inf,7.41899999475016e-05,0.159027657116952
"17031230800",-1.3697593703902,NA,0,0.141901599086716
"17031230900",-2.11507879472392,Inf,2.00370008171627e-05,0.116767379284612
"17031231100",1.51905043004911,Inf,0.000142454162820135,0.231453662547229
"17031231200",-0.401319527433756,Inf,8.89420534193686e-05,0.235967102223109
"17031231500",-1.908781701147,Inf,5.9204236144489e-05,0.24988770060192
"17031240200",-1.75737699249439,NA,0,0.161124683199422
"17031240300",1.96515461914807,Inf,0.000174681193423513,0.186489735650247
"17031240500",-0.219868002848448,Inf,6.5632651014851e-05,0.142653225112286
"17031240600",-0.0811309960186749,Inf,5.44129456625249e-05,0.1319570199969
"17031240700",-0.287563171463499,Inf,5.13927474148172e-05,0.151450746426414
"17031240800",1.69409239585436,Inf,0.000176333947037471,0.152962414023299
"17031240900",-1.44680486451542,NA,0,0.142242528879712
"17031241000",-1.7726288396289,NA,0,0.109510515044779
"17031241100",1.12736314721595,Inf,0.000142862672937065,0.163115625973851
"17031241200",-0.972476211237484,Inf,3.17233729789857e-05,0.15464585556684
"17031241300",1.32516753006134,Inf,0.000130207523406906,0.300221264325756
"17031241400",-0.856939643358642,Inf,7.0655884055799e-05,0.179686201964011
"17031241500",-0.509580406962927,Inf,5.21480942869058e-05,0.07610953393271
"17031241600",-1.49852435799732,NA,0,0.0498896232732447
"17031242000",-2.24038034407315,NA,0,0.0827280378943579
"17031242100",-0.488162700158075,Inf,6.34122505633187e-05,0.11373022702807
"17031242200",-2.10809206604002,Inf,1.94088584145651e-05,0.169752502702797
"17031242300",-1.10501192669532,Inf,5.07168196189578e-05,0.191017627161628
"17031242400",0.134790721035774,Inf,9.19771454621083e-05,0.127482204355475
"17031242500",-2.27927257816247,NA,0,0.105292549452377
"17031242600",-0.387433507161626,Inf,8.63355137316005e-05,0.121732915197176
"17031242700",1.19616536513912,Inf,0.000142412198231627,0.143337864236339
"17031242800",-0.457363831035936,Inf,4.38938476737143e-05,0.117338644154786
"17031242900",-0.0175893069313642,Inf,7.15929474156979e-05,0.127024889443609
"17031243000",0.760697286692918,Inf,0.000121410698400743,0.0971452525197129
"17031243100",-0.823340649333699,Inf,3.77703865565301e-05,0.113659450200639
"17031243200",-0.797058919479037,Inf,3.62466947649833e-05,0.118234506065727
"17031243300",0.307076487690019,Inf,9.61095366522946e-05,0.0926268847005932
"17031243400",2.3992478256812,Inf,0.00028152478475607,0.0779240323160105
"17031243500",-1.87651562598084,NA,0,0.0639718625444534
"17031250200",0.0473121543093776,Inf,7.55128000661825e-05,0.197512948781754
"17031250300",-0.81329491003646,Inf,7.34244327367596e-05,0.23773865231786
"17031250400",7.68508601249097,Inf,0.000335739711319468,0.201895173756285
"17031250500",5.78276486279791,Inf,0.00022060869258192,0.250535068284461
"17031250600",4.77736985177902,Inf,0.000278534401418946,0.165040642297975
"17031250700",5.22613715166813,Inf,0.000294588059986436,0.171968035179195
"17031250800",1.28666410010488,Inf,0.000121590416349952,0.190618302732563
"17031251000",1.20325148378415,Inf,0.000126659763295301,0.187925034547015
"17031251100",1.43488026838452,Inf,0.000142934482009289,0.192186209827615
"17031251200",4.09668367474241,Inf,0.000193032790897463,0.291123141146102
"17031251300",2.7999008890045,Inf,0.000171469717000835,0.233575513589844
"17031251400",1.7134895904935,Inf,0.000135134725379728,0.255437675411178
"17031251500",0.903875524944797,Inf,0.000107312704633103,0.303875544676226
"17031251600",-0.169503872830448,Inf,7.50203193634531e-05,0.260247933731177
"17031251700",3.53157782818558,Inf,0.000201120197305554,0.257924629993005
"17031251800",0.56559592324453,Inf,0.000108177970407902,0.172091631210194
"17031251900",-2.77512033179161,Inf,3.22067703343152e-05,0.227173849977601
"17031252000",-1.29611944579766,Inf,6.73738306653408e-05,0.218771308129362
"17031252101",-0.345545640977814,Inf,5.26075347390899e-05,0.183861777614068
"17031252102",0.798384230638882,Inf,0.000129606609100752,0.154515601670423
"17031252201",1.14827738879263,Inf,0.00012811861194995,0.162969868102003
"17031252202",-1.11325233597678,Inf,5.58938838243747e-05,0.174813162845394
"17031260100",-1.74055975892418,NA,0,0.110662207059789
"17031260200",1.42985432701475,Inf,0.00012103208048664,0.147728561804932
"17031260300",0.193632868415269,Inf,6.60602426092866e-05,0.184403271621311
"17031260400",-1.86308353457599,NA,0,0.16552299710574
"17031260500",-0.762125268333135,Inf,3.39144100029402e-05,0.133484798839072
"17031260600",-0.202381077931415,Inf,6.66587283062116e-05,0.16367361091985
"17031260700",0.304566742599563,Inf,8.33058599233409e-05,0.192332406760163
"17031260800",-1.04721327205072,Inf,2.82088912911044e-05,0.137689662302267
"17031260900",-0.515435767018449,Inf,4.09878241346582e-05,0.135408688626623
"17031261000",1.44866306285053,Inf,0.000126599073882126,0.192634886229977
"17031270500",-0.876663933069025,Inf,2.77996510631041e-05,0.151424102246962
"17031271200",-1.43359975272003,NA,0,0.0963395786828584
"17031271300",-1.41343307475667,NA,0,0.139373043771839
"17031271400",2.40654756097976,Inf,0.000219410146430218,0.111385131255197
"17031271500",-0.318146272482028,Inf,4.38204175499652e-05,0.149545772350238
"17031271800",1.01736309356304,Inf,8.65295537091071e-05,0.205714444307276
"17031280100",-0.635794629927391,NA,0,0.010225421438818
"17031280400",-1.18745702697719,NA,0,0.0882655576685336
"17031280800",-0.71031722036707,NA,0,0.0737228172122633
"17031280900",-0.795757305261207,NA,0,0.0697261172944373
"17031281900",-0.870818092401479,NA,0,0.0321370040593841
"17031282700",-0.35380241947185,Inf,5.49315949116413e-05,0.0705533209486503
"17031282800",-0.371350966030294,Inf,4.81295723791282e-05,0.137012733255438
"17031283100",-2.41544801439526,NA,0,0.199419349591147
"17031283200",-1.63491347599157,NA,0,0.137233095540625
"17031283800",-1.67876757328093,NA,0,0.0763005859775028
"17031290900",-0.650411524839632,Inf,6.67721794667399e-05,0.169131280170922
"17031291200",-1.87485300019856,NA,0,0.0999279806374561
"17031291600",1.10610066579069,Inf,0.000128659864993371,0.19349193457042
"17031292200",-1.86678356511976,Inf,1.896338774594e-05,0.148708664033189
"17031292400",-1.09417742629232,Inf,2.59691162556417e-05,0.143009937606525
"17031292500",-1.23505489098613,Inf,4.74986044580307e-05,0.117850168942373
"17031300500",0.851116478959621,Inf,0.000121547400315722,0.144119298175179
"17031300600",-1.0286532077045,Inf,4.27825412055997e-05,0.167577040587414
"17031300700",2.47467850249835,Inf,0.000209659139605992,0.167860195435044
"17031300800",0.49693234440264,Inf,0.000113284757882743,0.11747793820276
"17031300900",0.0188887394347795,Inf,8.61497849687002e-05,0.121911940953743
"17031301100",-1.007610094531,Inf,3.14459111380889e-05,0.178991048453474
"17031301200",-2.83040533551224,NA,0,0.16550323163448
"17031301600",1.0639859647085,Inf,0.000133626195355146,0.161499435873274
"17031301701",1.10479419673243,Inf,0.000135218933482103,0.136087310671263
"17031301702",1.68206659207762,Inf,0.000154638625178069,0.178567554391526
"17031301801",2.83690241972965,Inf,0.000212049187697498,0.151478840995391
"17031301802",0.00781536407279877,Inf,7.46334492833689e-05,0.165561877945099
"17031301803",1.60073708710443,Inf,0.000163095614231584,0.161964980570768
"17031310200",0.825341093911472,Inf,0.000123597359387433,0.0987906927581875
"17031310300",-1.47162931192439,NA,0,0.0757437675530777
"17031310400",-0.916020252319724,NA,0,0.0762401958760893
"17031310500",-0.819002158715039,NA,0,0.0462368105595258
"17031310600",-0.594749351544463,Inf,6.00683360589954e-05,0.0442943898905813
"17031310700",1.16886827352272,Inf,0.000282561389431329,0.0332117777903021
"17031310800",-1.88553283878977,NA,0,0.0587060955808755
"17031310900",1.00706685073833,Inf,0.000167816197514764,0.0684856271679588
"17031320100",-1.51376447827464,NA,0,0.0388646443254752
"17031320400",-0.174526478520515,NA,0,0.00244901947031782
"17031320600",-0.505734512439577,NA,0,0.0101710334046652
"17031330100",-2.59800213434252,Inf,2.44432323489028e-05,0.0469042904970604
"17031330200",-3.24138090740617,NA,0,0.200630586695308
"17031340300",-0.0730316531479484,Inf,6.67239359866636e-05,0.0988600508803245
"17031340400",2.17134271340272,Inf,0.000346982172638375,0.0633876748906956
"17031340500",0.0110011275586831,Inf,6.96249062080329e-05,0.110602342222512
"17031340600",-1.19685430604551,NA,0,0.120727737129726
"17031350100",-2.33595894842999,NA,0,0.297685084285469
"17031350400",-1.4310007394235,NA,0,0.197747587589457
"17031351000",-3.39984751889663,Inf,1.0238030462523e-05,0.280362026095891
"17031351100",-1.59078161350703,NA,0,0.198487688782914
"17031351400",-0.779535882250412,Inf,3.0790100102584e-05,0.161066688501847
"17031351500",-0.199562928209195,NA,0,0.00915968036694216
"17031360200",-1.06120769470925,NA,0,0.0545044187647235
"17031380100",-1.85819078723108,Inf,1.73786950414077e-05,0.171724080930605
"17031380200",-2.15566709903252,NA,0,0.211400060066415
"17031380500",-0.726240767927642,NA,0,0.0573320385172172
"17031380700",-0.62791263064455,Inf,3.64455898236551e-05,0.165152560541948
"17031381200",-2.08004354803516,NA,0,0.14086792623375
"17031381400",-2.19951072534778,NA,0,0.133845940461805
"17031381500",-0.539658660173184,NA,0,0.0765521815979213
"17031381800",-2.04067633303719,NA,0,0.175861971131478
"17031381900",-1.33444023052838,NA,0,0.105296467752132
"17031390100",-1.72788704299405,NA,0,0.109086688988849
"17031390200",-1.40956628073191,Inf,2.25289016329699e-05,0.147971549386665
"17031390300",-1.93253248224686,NA,0,0.11609036899722
"17031390400",-3.40732786888818,NA,0,0.243089618682034
"17031390500",-3.5549793009726,Inf,6.82428959392231e-06,0.448781974470598
"17031390600",-4.08482860560088,NA,0,0.414515898982413
"17031390700",-4.27561534941673,NA,0,0.245113050305452
"17031400300",-1.99874061409883,NA,0,0.134527041392079
"17031400400",-1.73408582605786,NA,0,0.0877398427279859
"17031400500",-2.18823988211585,NA,0,0.140526750952487
"17031400800",0.211904925797506,Inf,7.77378974525887e-05,0.135725019533189
"17031410100",-1.7498892387937,NA,0,0.171853801612887
"17031410200",-1.68884027239756,NA,0,0.375882228504072
"17031410500",-1.6841478939396,Inf,2.10888011637974e-05,0.185794586979443
"17031410600",-1.02720878221589,Inf,4.89311628376813e-05,0.336420264772475
"17031410700",-1.35483832750665,Inf,3.71625179606183e-05,0.310260465726504
"17031410800",-2.84620814828046,NA,0,0.217403581194904
"17031410900",-0.628568854764582,Inf,6.32491138671678e-05,0.217542727116826
"17031411000",-0.317675006074165,Inf,7.65015069647023e-05,0.195336913999246
"17031411100",-1.71993522131272,Inf,2.73032470687989e-05,0.364857916564576
"17031411200",-2.05304920401468,Inf,2.10286731936938e-05,0.393164039329147
"17031420100",-1.7600369389927,NA,0,0.170521210538415
"17031420200",-0.649940829461011,Inf,3.68102203348574e-05,0.123608720906189
"17031420300",-2.44465067683925,NA,0,0.174588417168812
"17031420400",-0.624434272753406,Inf,3.67930339283365e-05,0.153965953398263
"17031420500",-2.05893268915752,NA,0,0.155066863132318
"17031420600",0.854055762128932,Inf,0.000100126366193904,0.178875755363012
"17031420700",0.284854032694878,Inf,8.75486385044888e-05,0.259786978562875
"17031420800",-1.46584257974879,Inf,2.30008303552905e-05,0.149393618191957
"17031421200",-0.78773316213069,Inf,3.87974123031214e-05,0.202348431911577
"17031430101",0.755880077789786,Inf,0.000123908123382896,0.136905698228416
"17031430102",-2.12281961105389,NA,0,0.1668658619773
"17031430200",-1.2405024126974,Inf,6.36392835167449e-05,0.249892816863085
"17031430300",-2.77330555840614,NA,0,0.164162996299488
"17031430400",-1.28636885080213,Inf,4.5733924981178e-05,0.209192340089016
"17031430500",-1.57562825578566,Inf,2.42874158398702e-05,0.138667251147614
"17031430600",-0.292561270197986,Inf,5.75842363736062e-05,0.214687026954261
"17031430700",-2.05624777581432,NA,0,0.172244323076853
"17031430800",0.298524294401898,Inf,7.67636479344549e-05,0.218388006030023
"17031430900",-0.517578417039804,Inf,5.05074716758695e-05,0.231391643685319
"17031431200",-0.578923723626523,Inf,6.74056565011275e-05,0.271722879473794
"17031431301",-4.08044515068416,NA,0,0.295904577516971
"17031431302",-1.7253423231915,Inf,3.33296216539068e-05,0.220135472203529
"17031431400",-4.97235956246948,Inf,1.51326152310857e-05,0.213068125385389
"17031440101",5.14730230240269,Inf,0.000356720461211658,0.175308048983268
"17031440102",0.00370984016204189,Inf,8.28578172398427e-05,0.202519847241648
"17031440201",-0.761115258739927,Inf,6.9631699015096e-05,0.139759958579157
"17031440202",-0.060785562411421,Inf,8.46501591474586e-05,0.22232877983033
"17031440300",-0.376104339742946,Inf,8.69056850638363e-05,0.202574904016101
"17031440600",2.25556762906521,Inf,0.000133814939634441,0.197810780899457
"17031440700",1.36651765136357,Inf,0.000120347775011991,0.188433798243273
"17031440800",-1.31581837607336,Inf,2.36058508026982e-05,0.199620687816704
"17031440900",-2.01935190500635,Inf,3.30315289004022e-05,0.2356956395767
"17031450300",-1.26475933450261,Inf,6.17383026608193e-05,0.254670758758454
"17031460100",-2.64228511499892,Inf,3.04287421406567e-05,0.116023811732888
"17031460200",0.204383110753627,Inf,7.42908851356317e-05,0.206483170536556
"17031460301",-2.47836296975123,Inf,2.54484362929303e-05,0.259717722715067
"17031460302",-4.67807342020177,Inf,5.93327256892743e-06,0.294157547925298
"17031460400",-1.66566285193034,Inf,4.72501282299245e-05,0.260431322638335
"17031460500",1.83478514066952,Inf,0.000133472815316548,0.290602733068382
"17031460600",-1.31948973064955,Inf,1.99733828924911e-05,0.267329572281894
"17031460700",-1.77529143564912,Inf,2.53772968402515e-05,0.209393532309473
"17031461000",-2.17796278847339,NA,0,0.177371499885297
"17031470100",-1.58691481805684,Inf,5.09072658995805e-05,0.209647425043785
"17031480100",1.38287361250711,Inf,0.000112991201859291,0.205240406093492
"17031480200",1.49355647845487,Inf,0.000125112775586202,0.201414220486188
"17031480300",-1.23915663649951,Inf,3.2893662044891e-05,0.274050431223896
"17031480400",0.623713912154924,Inf,0.000120345517517539,0.180422863473181
"17031480500",0.229917298844833,Inf,8.46353110145917e-05,0.227892994666796
"17031490300",4.78692396337563,Inf,0.000220995371991706,0.195839416385647
"17031490400",2.02983087896326,Inf,0.000151781250461809,0.17463523237871
"17031490500",0.872919078202388,Inf,9.60079945696258e-05,0.150844319718644
"17031490600",0.976377257643768,Inf,9.52386217055146e-05,0.174359726950343
"17031490700",3.92754540117955,Inf,0.000202739490819491,0.220012534780047
"17031490800",2.07404248101756,Inf,0.000150342345481916,0.159665709439275
"17031490901",1.42378435864776,Inf,0.000133527981242822,0.173865707754488
"17031490902",2.41754889057417,Inf,0.000158221077505155,0.180870482453332
"17031491000",-0.586075016830067,Inf,8.28399038737677e-05,0.266534334857954
"17031491100",-1.79292699715488,Inf,6.04441647086751e-05,0.211417263878839
"17031491200",0.903899459467297,Inf,0.000104537301893036,0.249677356831161
"17031491300",1.39947490470485,Inf,0.000109846628557831,0.27755499517213
"17031491400",0.421892868512431,Inf,9.52131763604681e-05,0.17132758492784
"17031500100",2.02812002321217,Inf,0.000134226613625757,0.179295315182658
"17031500200",1.99860429068996,Inf,0.000124684631735181,0.158900841334871
"17031500300",0.241364202143295,Inf,7.51906166427067e-05,0.271938560348996
"17031510100",-1.11139433401968,Inf,5.77339368723112e-05,0.197079584195508
"17031510200",1.48560605660094,Inf,0.000107946708834332,0.304003396669986
"17031510300",-1.39051211460348,Inf,8.72061467258924e-05,0.349823871250774
"17031520100",5.94412056493578,Inf,0.000334057971237555,0.140228991553061
"17031520200",2.3076576302998,Inf,0.000166910119608268,0.159572277425085
"17031520300",-2.18944160923276,Inf,4.59857422373921e-05,0.148538077746695
"17031520400",1.04218875331607,Inf,0.000120452861962949,0.158418027650827
"17031520500",-0.235256828545162,Inf,8.64348104671266e-05,0.164663276646741
"17031520600",-2.42296707794477,Inf,3.00360957343605e-05,0.20369022318293
"17031530100",-2.12252089879042,Inf,2.27903573278917e-05,0.181248901022364
"17031530200",-1.97052080414896,Inf,6.35966157848073e-05,0.326696634548976
"17031530300",-2.07084226880158,Inf,5.11612061410255e-05,0.240189810090885
"17031530400",-1.82390016043629,Inf,3.85477742829406e-05,0.237272282768248
"17031530501",-3.02628051197431,Inf,4.94237546510328e-05,0.281443484006972
"17031530502",2.2747902502399,Inf,0.000124191656515486,0.25808143100043
"17031530503",1.64166362570666,Inf,0.000129505327676747,0.268939847098382
"17031530600",0.599679518419821,Inf,9.64446101664608e-05,0.221231749791863
"17031540101",-2.24527176184959,Inf,3.21914387660792e-05,0.229384781974372
"17031540102",2.68728402816207,Inf,0.000156719273226865,0.19310750737486
"17031550100",-2.73671063329781,Inf,6.76755900381263e-05,0.209682825990477
"17031550200",1.90437398773322,Inf,0.00013530151567165,0.127486928810193
"17031560100",1.35674474889068,Inf,0.000121331351226641,0.117128505053165
"17031560200",2.71604804563292,Inf,0.000175273484016881,0.200121933642735
"17031560300",4.64379510506712,Inf,0.000285644100668247,0.135850091502102
"17031560400",1.04020915164151,Inf,0.000127276255352626,0.0839958248514199
"17031560700",0.732367479897397,Inf,0.000117769619738053,0.0779632934118701
"17031560800",1.26572530902246,Inf,0.000138282600583575,0.112146751272082
"17031560900",-0.557027539388697,Inf,8.60555675887231e-05,0.163055267482715
"17031561000",0.00805879533897895,Inf,9.54613297539391e-05,0.129176963540162
"17031561100",4.44874251830683,Inf,0.000250346866682538,0.115183938782818
"17031570100",-0.177357844389548,Inf,4.96753111791598e-05,0.132297647925906
"17031570200",1.09286220930577,Inf,0.000119397790541854,0.111515479790483
"17031570300",-0.966530960001465,Inf,5.95205122308631e-05,0.0785609952232561
"17031570400",1.20916347157027,Inf,0.000139228224779068,0.10734442474929
"17031570500",0.0446891928073602,Inf,7.88371666354703e-05,0.0930158577246282
"17031580100",-1.70478940202144,Inf,2.07588807874106e-05,0.125659181235255
"17031580200",0.557675089379115,Inf,0.000104895921210916,0.148021649239992
"17031580300",-1.97960817006283,NA,0,0.0877598094113523
"17031580400",-0.461204209530797,Inf,6.63757588897621e-05,0.0915557215583659
"17031580501",-2.97270572007307,NA,0,0.108367590502887
"17031580502",-3.02286013836535,NA,0,0.111744254538828
"17031580600",-2.25423898314483,Inf,1.86458178803423e-05,0.114081741351616
"17031580700",-0.331878748429088,Inf,8.20299213237323e-05,0.123628859311045
"17031580800",-1.47542746424619,NA,0,0.11119455327966
"17031590500",2.26803402760962,Inf,0.000206842116734166,0.134362448271988
"17031590600",-0.809297918681242,Inf,5.63655481792543e-05,0.166222324841099
"17031590700",-0.632309109082559,Inf,5.19378177277017e-05,0.129481286059289
"17031600400",1.85964358046744,Inf,0.000227213349976591,0.0833975497831916
"17031600600",0.139043039722988,Inf,8.38123347647658e-05,0.077818681908836
"17031600700",0.500114904247774,Inf,0.000107159557565095,0.0575549210663862
"17031600900",1.63394487155176,Inf,0.000194393351303554,0.0741836756768619
"17031610300",-0.777134634610737,Inf,6.25488991706253e-05,0.0974123382722961
"17031610400",-1.10109334906831,NA,0,0.0686850189586477
"17031610800",2.17043903843743,Inf,0.000176420575382387,0.129603248611668
"17031611000",-0.555577580495895,Inf,3.67677165916063e-05,0.271431309995523
"17031611100",-2.15883103638356,Inf,1.47044818450252e-05,0.220195766931453
"17031611200",-1.99657600298949,Inf,1.58229530304966e-05,0.216562295259916
"17031611300",-2.63707356986973,NA,0,0.150445718304187
"17031611400",-2.59122278947979,NA,0,0.151779341080801
"17031611500",0.864881071338805,Inf,0.000117468659152656,0.134948797590194
"17031611600",-1.17446211928644,Inf,3.42716344058685e-05,0.218461470763687
"17031611700",-2.04956746504445,Inf,1.264463858368e-05,0.261193487409996
"17031611800",-2.94913265884161,NA,0,0.202083377816397
"17031611900",-2.33702280435704,Inf,1.2711556401806e-05,0.251280087448234
"17031612000",-2.47968357809596,Inf,1.06565773166021e-05,0.307807353449602
"17031612100",-3.14334397683542,NA,0,0.313606450706858
"17031620100",-2.15782269303232,Inf,2.71879004156727e-05,0.116740819155976
"17031620200",1.82542013903157,Inf,0.00017126954443958,0.0986459032166517
"17031620300",3.43111407993456,Inf,0.000244462257906991,0.0980262975880431
"17031620400",0.571462895674958,Inf,0.000119710032295765,0.0951277345083922
"17031630100",-0.437176576940642,Inf,4.20972338866654e-05,0.122017489283438
"17031630200",-0.971731026339095,Inf,3.05024284918511e-05,0.110394003705421
"17031630300",-0.647689441681345,Inf,7.49413853185732e-05,0.128634259425273
"17031630400",-3.87914233462496,NA,0,0.120437448302673
"17031630500",0.338138703313116,Inf,0.000111896438870934,0.128636398610159
"17031630800",-0.0311420520742267,Inf,0.000102457644036431,0.094855823838019
"17031630900",0.415982779179236,Inf,0.000109883689024951,0.122772557247384
"17031640100",-1.31947175856182,NA,0,0.0668232870250401
"17031640300",6.89326405562449,Inf,0.000388567373980866,0.0927003212492149
"17031640400",4.3561297355708,Inf,0.000285136517998557,0.0926858328417489
"17031640500",1.83160257413015,Inf,0.000186934747010518,0.0637541150229268
"17031640600",0.647847787139475,Inf,0.000122055886781913,0.0684494926324673
"17031640700",-0.287827067809105,Inf,7.10196705511967e-05,0.133629857772784
"17031640800",0.439417541572419,Inf,8.79296077372577e-05,0.0939006209227154
"17031650100",-0.356248841445107,Inf,8.20204419057692e-05,0.127453332774718
"17031650200",-0.439729650557553,Inf,8.99640728395409e-05,0.101671230945572
"17031650301",1.39778821838158,Inf,0.000148385331738541,0.0947536057656946
"17031650302",-1.51861175655644,Inf,4.45556179214197e-05,0.149914429610307
"17031650400",3.76310384919488,Inf,0.000252762257779185,0.0999061071348186
"17031650500",-0.394125851511798,Inf,7.45903145345005e-05,0.0630236676553621
"17031660301",0.889200644767524,Inf,0.000120679130870683,0.112140404523936
"17031660302",-3.21314197041609,NA,0,0.114709415636941
"17031660400",-2.22569610611778,Inf,3.21580453350448e-05,0.152905816763644
"17031660500",0.34890124252124,Inf,0.00010167829485971,0.194967412638087
"17031660600",2.60292252612267,Inf,0.000198861710573233,0.138141269239929
"17031660700",-1.0626495039407,Inf,4.06851936804283e-05,0.230604028683671
"17031660800",1.74990757219889,Inf,0.000166116397273084,0.128519806443239
"17031660900",-0.890058852379176,Inf,6.62568130996046e-05,0.194102111277732
"17031661000",1.9763607140868,Inf,0.000154298191938121,0.187555650539912
"17031661100",-0.30942501329254,Inf,9.14178609412361e-05,0.153874281610901
"17031670100",0.466599552531815,Inf,7.2842870461809e-05,0.289718367951005
"17031670200",-0.364360611142822,Inf,4.48309901743961e-05,0.26068554215086
"17031670300",0.327080748091963,Inf,6.55377874486147e-05,0.293858972273134
"17031670400",1.10148177046325,Inf,0.000112908909096526,0.245511996938457
"17031670500",3.73367133396428,Inf,0.000193754568288947,0.214503372445144
"17031670600",-0.305365519245247,Inf,5.97256444002499e-05,0.339006136867965
"17031670700",2.4017743209394,Inf,0.000134265169552859,0.326069737882394
"17031670800",-0.426463621805275,Inf,5.20963789941769e-05,0.201781243947638
"17031670900",1.16119782515469,Inf,9.88358286699119e-05,0.259537068129086
"17031671100",-0.735591086770126,Inf,3.79884280998226e-05,0.260124788735326
"17031671200",-1.26747843410135,Inf,1.99136023345457e-05,0.265364671404254
"17031671300",3.63836137799649,Inf,0.000182988224829397,0.271928580025569
"17031671400",1.67147003271485,Inf,0.00011677000142154,0.284560065378591
"17031671500",-0.87476742320005,Inf,6.28279942999128e-05,0.244177384611045
"17031671600",0.651683747775944,Inf,9.62507620257514e-05,0.235230678677318
"17031671800",1.70775016715787,Inf,0.000121881834562208,0.241548803331582
"17031671900",2.18617281070895,Inf,0.000156129761198212,0.219163708411603
"17031672000",0.628734499554658,Inf,9.95150959094574e-05,0.196692320947777
"17031680500",-0.973310589052067,Inf,3.82783178837529e-05,0.296971136520048
"17031680600",-2.88978773880186,NA,0,0.265778525167518
"17031680900",-1.65440212999533,Inf,4.79900224225825e-05,0.192757680073802
"17031681000",-1.52131661928788,Inf,4.03996096166944e-05,0.225688451616605
"17031681100",-2.18303423363539,Inf,3.27476503131899e-05,0.215165184051838
"17031681200",-0.622894935680527,Inf,5.99128076669022e-05,0.270868458306247
"17031681300",-2.17976811215737,Inf,2.74945359326013e-05,0.22972400363286
"17031681400",-1.86977076520549,Inf,3.39630883527272e-05,0.228022858892016
"17031690300",0.450444002384978,Inf,9.02714060218545e-05,0.175317156575352
"17031690400",-0.0195183607582034,Inf,8.45033004685243e-05,0.212803401884264
"17031690500",1.93654342445133,Inf,0.000180306418849505,0.158311109703696
"17031690900",-0.479837392819876,Inf,7.78600281637706e-05,0.168731471333603
"17031691000",-0.421124441122197,Inf,6.62744744663183e-05,0.224576436095662
"17031691100",-0.352660936139254,Inf,7.05475818084054e-05,0.188949115585
"17031691200",-1.4601546228341,Inf,4.01783090945049e-05,0.196182271596391
"17031691300",1.27877912909941,Inf,0.000109885543479011,0.248109983158116
"17031691400",1.461326416784,Inf,0.000127948741006902,0.185404557753655
"17031691500",1.1456332953114,Inf,0.000100133641240866,0.23212727832015
"17031700100",-1.97313964096278,Inf,2.53313759467608e-05,0.123849590215157
"17031700200",-1.58506345591009,Inf,5.96919067898318e-05,0.0923279696610293
"17031700301",-0.467347391389823,Inf,8.28386299875172e-05,0.105808240700125
"17031700302",1.5509855135256,Inf,0.000152284831166174,0.0862645237720474
"17031700401",1.32377523362127,Inf,0.000133989920431949,0.168945209028573
"17031700402",1.51738414334429,Inf,0.000125564891600932,0.165847209340932
"17031700501",1.83020218909685,Inf,0.000160904707351814,0.162806114417876
"17031700502",5.12089333565448,Inf,0.000257298146451508,0.129835257378211
"17031710100",0.451490959223533,Inf,8.0491117211825e-05,0.222299434942375
"17031710200",1.56847626886357,Inf,0.000141601109305826,0.191589058101895
"17031710300",5.07523152809259,Inf,0.000369555458832831,0.180981005633149
"17031710400",5.27701113195424,Inf,0.000242424831335569,0.210305429919981
"17031710500",-0.939465047500268,Inf,6.10551176524186e-05,0.126588896978643
"17031710600",1.18456594841328,Inf,0.000127547870925229,0.149491796954525
"17031710700",-0.0292628169583192,Inf,7.85732556353011e-05,0.117870565893827
"17031710800",-0.201082013661477,Inf,8.93288857527852e-05,0.137641881094691
"17031710900",-1.13572507873203,Inf,4.77956762244056e-05,0.239336610398464
"17031711000",-1.31801592271179,Inf,5.36536699922965e-05,0.228882554660944
"17031711100",2.26848813498934,Inf,0.000175119244267266,0.147274239337831
"17031711200",0.57540436603763,Inf,0.00011014089467607,0.162927143412387
"17031711300",-0.0704390578467546,Inf,6.487957875942e-05,0.208362255195437
"17031711400",-0.474910470565592,Inf,6.36520213822731e-05,0.233630174564359
"17031711500",1.58466364954936,Inf,0.000118156880750671,0.240008150046114
"17031720100",4.2543063837077,Inf,0.000145019250237178,0.429694710746157
"17031720200",3.38816831755298,Inf,0.000132299731968197,0.47158309946738
"17031720300",4.4657586209932,Inf,0.00015273146145396,0.371158092811468
"17031720400",3.43191627263197,Inf,0.000161249983559054,0.253346739845701
"17031720500",2.44990935141102,Inf,0.000121244153880621,0.324409991689159
"17031720600",5.68232012706925,Inf,0.000187164125560781,0.385538493563126
"17031720700",-0.53153578069009,Inf,7.48650386827135e-05,0.511585711853976
"17031730100",1.49055568481273,Inf,0.000125595848833443,0.16297636380338
"17031730201",0.485476336298923,Inf,0.000113353408834365,0.187705850562855
"17031730202",-0.333439186869143,Inf,7.41520917249779e-05,0.149982498427431
"17031730300",-0.17659137774314,Inf,5.03395934691854e-05,0.173958327252411
"17031730400",-1.20763313686661,Inf,6.67641126837543e-05,0.227716550513707
"17031730500",2.21877179627226,Inf,0.000143922010530659,0.200425337498952
"17031730600",-1.83770668816662,Inf,4.87664146797904e-05,0.229862081454082
"17031730700",1.61886756008073,Inf,0.000107586102135462,0.287385098232372
"17031740100",4.13381192383354,Inf,0.000189686412438162,0.19431351320752
"17031740200",-0.625710320990556,Inf,9.38974720837419e-05,0.168815697942466
"17031740300",0.762417033487383,Inf,0.000106817578227586,0.179332514672971
"17031740400",-5.12026909253907,Inf,3.05914452735668e-05,0.164060082293456
"17031750100",1.92050466288186,Inf,0.000136670492422647,0.188017688044255
"17031750200",0.742425205057018,Inf,8.84998227491201e-05,0.46201705548668
"17031750300",5.72338448205913,Inf,0.000218709503473862,0.304313916234795
"17031750400",5.8075011878663,Inf,0.000228532482739537,0.238137127433128
"17031750500",5.60431416470592,Inf,0.000184139786654457,0.332392886976684
"17031750600",-2.06091100084951,Inf,5.31403980969629e-05,0.239193664366213
"17031760801",-1.93622105388637,NA,0,0.0921129515469755
"17031760802",-2.54943689882642,Inf,1.27525286469247e-05,0.119540501521896
"17031760803",-2.91932822762427,NA,0,0.0795538643992516
"17031770902",-0.350555975529145,NA,0,0.0460990867456139
"17031810400",-2.06076716454585,NA,0,0.155827558844006
"17031821402",-0.000729126204748335,NA,0,0.176336049062142
"17031823304",-0.026873191206919,NA,0,0.000577665554254845
"17031830500",4.18156165984657,Inf,0.000261514892514286,0.127506883998164
"17031830600",-1.84798657134859,Inf,4.33819942514505e-05,0.230795143007836
"17031830700",-2.20007377661786,NA,0,0.114819005690091
"17031830800",-2.5511314792343,NA,0,0.179202488178339
"17031830900",-2.89197310272826,NA,0,0.132834717853952
"17031831000",-0.119326449676231,Inf,7.24049557503137e-05,0.153737518564795
"17031831100",0.656699949437797,Inf,0.000128061076767052,0.189191370421227
"17031831200",-1.04452573183951,Inf,5.37916347876281e-05,0.132607342289273
"17031831300",0.813419122870569,Inf,9.91677524582008e-05,0.182552140943657
"17031831400",-2.3510725638552,Inf,1.43281411193138e-05,0.153214835759312
"17031831500",0.727172647651643,Inf,0.000109818483588191,0.12017746385456
"17031831600",-1.53980417419006,Inf,7.62828290737495e-05,0.21465992824397
"17031831700",1.36500102301045,Inf,0.000131013733286311,0.172010262911058
"17031831800",-0.996364832140612,Inf,8.18066622987945e-05,0.232991508161166
"17031831900",0.357156764132696,Inf,9.59184122695143e-05,0.212636040804006
"17031832000",-1.64589952984585,NA,0,0.121285674288151
"17031832100",-0.677870136286498,Inf,5.68331320765723e-05,0.164097980610124
"17031832200",1.33575098210034,Inf,0.000142083060500706,0.168973779752369
"17031832300",0.449092688878755,Inf,9.47311096812497e-05,0.149260204737754
"17031832400",-0.210995707775099,Inf,7.7951459357646e-05,0.132128158385832
"17031832500",-3.64404955297693,NA,0,0.211282637929987
"17031832600",-0.596242104541929,Inf,7.39027290577647e-05,0.185305856123066
"17031832900",-3.64904153013432,NA,0,0.364584873152785
"17031833000",-1.28760637834559,NA,0,0.035620289388235
"17031833100",-1.86030904014952,Inf,2.76388445900137e-05,0.0683166974159355
"17031833300",-0.988070737168924,Inf,4.20322542488253e-05,0.219306464349907
"17031833900",-0.877712936000051,Inf,4.37756677053897e-05,0.186102030893947
"17031834000",-0.994256772122686,Inf,5.95967569903697e-05,0.166321449909596
"17031834200",5.8666658844725,Inf,0.000304974716187193,0.18963469397969
"17031834300",-1.04696920265454,Inf,8.71837811771685e-05,0.255476065701436
"17031834400",-1.37564179559288,Inf,4.50652885336947e-05,0.167970079325821
"17031834500",-2.39813210610414,NA,0,0.143394583883454
"17031834600",-4.52199364552111,Inf,1.24171191567874e-05,0.255262260096913
"17031834700",-3.03479470185756,Inf,9.00037567045984e-06,0.278254568721967
"17031834800",-2.94548425847957,Inf,9.54965914800379e-06,0.249201493019902
"17031834900",-0.0834534581294865,Inf,6.98982668830543e-05,0.279055964862675
"17031835000",-0.0404191101284724,Inf,9.39977318079079e-05,0.125680656036388
"17031835100",-2.1055476423092,Inf,3.38725799415795e-05,0.146646657343941
"17031835200",-0.669188292608374,Inf,3.60630882478965e-05,0.09264697973601
"17031835500",-1.04149256815959,Inf,3.40945089734088e-05,0.186500974894531
"17031835600",-2.29683747954822,NA,0,0.167847725863077
"17031835800",-1.93305321123239,NA,0,0.123103240584325
"17031835900",-1.81189722134506,Inf,2.90298417019588e-05,0.151847655313871
"17031836000",-1.80555532665918,Inf,1.89966152818152e-05,0.146679614974144
"17031836100",-1.26722654586306,Inf,2.27717538534133e-05,0.140874872165254
"17031836200",-3.53137603991648,NA,0,0.31657594254747
"17031836300",-0.650436588968297,Inf,3.46976355078201e-05,0.22074619572422
"17031836400",-2.78302985947167,NA,0,0.124979623819068
"17031836500",-1.95475422884015,NA,0,0.171343185355635
"17031836600",-0.300847350018304,Inf,6.12150838715864e-05,0.142554011771373
"17031836700",0.506175024953061,Inf,8.99204169102469e-05,0.183191762023727
"17031836800",-3.13944647506667,NA,0,0.191138904525494
"17031836900",0.408003126026195,Inf,9.83988763059542e-05,0.0663740019902764
"17031837000",-0.840246580985288,Inf,3.48128733048005e-05,0.109218906068444
"17031837100",0.595365099422671,Inf,9.27486001853448e-05,0.126836269566922
"17031837300",-2.48703100138127,NA,0,0.161961446699248
"17031837400",1.25429109629219,Inf,0.000134310114424051,0.0966707560947852
"17031837800",0.237305296494806,Inf,9.46471103072158e-05,0.0553699191368533
"17031838000",-0.8899567633266,Inf,3.5078418714057e-05,0.113294060212223
"17031838100",-1.36004007165804,NA,0,0.0727341214283859
"17031838200",-1.65231669383365,NA,0,0.144664148043847
"17031838300",-1.59977404442617,NA,0,0.107491570369576
"17031838600",-1.62252959359804,NA,0,0.125051982547256
"17031838700",-3.29714109198433,NA,0,0.121354230919565
"17031838800",-3.48671528636289,Inf,3.20259046941087e-05,0.418963479320695
"17031839000",-3.67577933229627,NA,0,0.135428736572081
"17031839100",-0.671295000700955,NA,0,0.0200104212942419
"17031839200",-1.80654607346176,Inf,1.92314792506397e-05,0.179849902536103
"17031839500",-0.983397900723318,Inf,2.95109192701923e-05,0.158726571216305
"17031839600",0.022265566934566,Inf,7.21370570678402e-05,0.145442390183919
"17031839700",2.74726585154791,Inf,0.000219949640495527,0.108782334572415
"17031839800",2.71358567447947,Inf,0.00028983485484383,0.0931670777237718
"17031839900",2.83759889535589,Inf,0.000218740112347103,0.108307692493307
"17031840000",3.34412718995576,Inf,0.000315489576456424,0.0652130898067979
"17031840100",2.15143919078581,Inf,0.000244058349110544,0.0823563497119538
"17031840200",2.33304125239047,Inf,0.000270205462978159,0.0626083622085454
"17031840300",0.00707845844950049,Inf,8.7790696250916e-05,0.102719549912427
"17031840400",1.3819640803832,Inf,0.00014820723641316,0.114756752645654
"17031840700",-1.83074437512808,Inf,2.11631879286761e-05,0.128402197865334
"17031840800",-2.47956854447152,NA,0,0.156951852116842
"17031841000",-1.14060435467418,NA,0,0.0769679162253824
"17031841100",-0.214552005243954,Inf,9.85464783086126e-05,0.0558805365062718
"17031841200",-1.26642243295886,Inf,3.37377383477336e-05,0.0784088021633878
"17031841300",-0.365769592456124,Inf,6.97222873585975e-05,0.0649833617638114
"17031841400",-0.529208326126544,Inf,3.60116911627648e-05,0.128323967149918
"17031841500",-1.52335712875766,Inf,2.04569868272382e-05,0.144708405087253
"17031841600",-1.67178803083372,NA,0,0.212971632847341
"17031841700",1.18166952229109,Inf,0.000121782905111324,0.174388206695319
"17031841800",-0.000229334140898298,Inf,7.25861317790986e-05,0.214937370505932
"17031841900",-3.02343488583397,NA,0,0.0691389999775856
"17031842000",-2.10216327286309,Inf,1.89130276661992e-05,0.182207442173917
"17031842100",-0.684933116914224,Inf,8.35578332553853e-05,0.166656071862177
"17031842200",-1.9567704809897,NA,0,0.053439365250509
"17031842300",-2.55877817431112,NA,0,0.0757698517867537
"17031842400",-1.75851335344316,Inf,4.66115564280698e-05,0.223358586644385
"17031842500",-0.938585392042687,Inf,2.9107692962477e-05,0.0899989456986854
"17031842600",-2.12106706567312,Inf,3.24083578692132e-05,0.126302904886586
"17031842800",-1.29950767971729,Inf,5.83643770683083e-05,0.112676872398384
"17031842900",-2.41038056144045,NA,0,0.111838068464398
"17031843000",1.19464890663616,Inf,0.000144573552034891,0.0836387840806638
"17031843100",-0.0671026029865847,Inf,6.7458840223917e-05,0.130095894366605
"17031843200",1.13134768097927,Inf,0.000164453040631548,0.063134881357148
"17031843300",-0.708968167363507,Inf,3.3878602800142e-05,0.179972732415293
"17031843400",1.90679904097174,Inf,0.000162692051403759,0.133097082627625
"17031843500",-4.03853743669226,Inf,1.09655559523728e-05,0.100165852441604
"17031843600",-1.53951260918518,Inf,2.15871316381011e-05,0.15797486337735
"17031843700",-3.38646681471762,Inf,8.11048179725418e-06,0.157918038765167
"17031843800",-1.93787090000625,Inf,2.21501155627935e-05,0.195486932382417
"17031843900",-1.4953858161659,Inf,3.56618596147323e-05,0.153512930801514
