geoid,B17001001 - Total:,B17001002 - Income in the past 12 months below poverty level:,B19057001 - Total:,B19057002 - With public assistance income,B11001002 - Family households:,"B11001006 - Female householder, no husband present",B23025003 - Civilian labor force:,B23025005 - Unemployed,B02001001 - Total:,B02001003 - Black or African American alone,B03001001 - Total:,B03001003 - Hispanic or Latino:,B05002001 - Total:,B05002009 - Born outside the United States:,B07001001 - Total:,B07001017 - Same house 1 year ago:,B25003001 - Total:,B25003002 - Owner occupied
14000US17031010100,4972,1475,2241,78,942,358,2698,373,5068,2328,5068,611,5068,68,4934,3982,2241,399
14000US17031010201,7309,2419,2573,86,1443,582,3822,382,7316,3399,7316,1811,7316,117,7140,5896,2573,750
14000US17031010202,2334,681,1085,87,558,244,1368,178,2583,832,2583,649,2583,14,2517,2036,1085,226
14000US17031010300,5292,1342,2709,73,971,207,3292,344,6065,1606,6065,922,6065,63,5969,4335,2709,956
14000US17031010400,3439,702,1856,48,589,89,2776,339,4694,682,4694,515,4694,32,4582,2970,1856,647
14000US17031010501,3807,831,2246,51,534,209,2585,227,3816,1120,3816,159,3816,88,3769,2969,2246,467
14000US17031010502,3683,1620,1666,80,502,75,2277,206,3760,584,3760,584,3760,20,3746,2393,1666,349
14000US17031010503,2215,844,1150,83,273,35,1293,59,2325,226,2325,342,2325,36,2325,1445,1150,230
14000US17031010600,6862,1566,3135,191,1432,551,4187,493,6946,2515,6946,1723,6946,61,6848,5352,3135,751
14000US17031010701,3929,267,1555,34,940,155,2424,251,3943,684,3943,1766,3943,24,3898,3460,1555,760
14000US17031010702,5509,1844,1844,116,959,173,3131,289,5520,1192,5520,2838,5520,35,5407,4615,1844,597
14000US17031020100,4182,1278,1453,64,897,187,1909,215,4182,1549,4182,447,4182,60,4151,3621,1453,818
14000US17031020200,6534,883,1935,96,1629,254,3176,186,6556,387,6556,426,6556,196,6517,6311,1935,1606
14000US17031020301,5233,333,1933,15,1195,187,1948,171,5233,268,5233,632,5233,102,5164,4635,1933,1399
14000US17031020302,4198,617,1585,9,954,170,2416,305,4514,525,4514,706,4514,21,4425,4014,1585,871
14000US17031020400,4367,444,1705,52,991,186,2507,268,4380,693,4380,1045,4380,12,4360,3743,1705,784
14000US17031020500,5805,1274,2103,166,1228,362,2632,221,6044,1241,6044,1913,6044,31,5989,5232,2103,619
14000US17031020601,6569,1435,1784,123,1307,141,2862,292,6595,416,6595,1246,6595,76,6492,5303,1784,741
14000US17031020602,3924,1000,1377,43,878,157,1955,221,3932,393,3932,1214,3932,80,3862,3214,1377,494
14000US17031020701,1920,487,638,11,524,99,1012,87,1920,149,1920,268,1920,9,1908,1771,638,421
14000US17031020702,7897,1543,2385,45,1621,316,3659,348,8010,123,8010,1121,8010,226,7887,7081,2385,1091
14000US17031020801,4797,1194,1946,97,1278,260,2835,405,4797,67,4797,1848,4797,75,4715,3931,1946,731
14000US17031020802,7245,2264,1995,71,1372,283,3209,197,7251,351,7251,1179,7251,43,7062,6115,1995,727
14000US17031020901,5363,1521,1808,95,1060,213,2863,393,5363,807,5363,1454,5363,47,5262,3531,1808,640
14000US17031020902,4272,777,1522,74,873,106,2153,254,4528,841,4528,495,4528,46,4449,4137,1522,921
14000US17031030101,3855,861,2327,187,861,129,2381,253,3855,751,3855,843,3855,34,3848,3161,2327,803
14000US17031030102,3058,592,1917,52,507,115,2144,317,3101,615,3101,551,3101,34,3065,2594,1917,802
14000US17031030103,1765,423,1132,0,273,0,1300,129,2138,293,2138,357,2138,21,2138,1455,1132,262
14000US17031030104,1972,728,1209,12,205,0,1579,218,3536,586,3536,297,3536,63,3536,1971,1209,355
14000US17031030200,5703,528,2466,18,1146,164,3764,362,5709,484,5709,798,5709,89,5552,4749,2466,1177
14000US17031030300,2931,671,1373,55,514,114,1689,128,2931,379,2931,1210,2931,38,2883,2626,1373,504
14000US17031030400,2589,535,1245,143,580,169,1568,233,2589,279,2589,725,2589,94,2525,2239,1245,481
14000US17031030500,6454,1059,2795,11,1366,267,4156,229,6588,459,6588,2065,6588,100,6423,5427,2795,1235
14000US17031030601,2983,807,1843,59,436,41,2091,293,3169,690,3169,273,3169,40,3169,2575,1843,795
14000US17031030603,2123,597,1222,50,381,184,1313,135,2123,777,2123,152,2123,6,2123,1432,1222,116
14000US17031030604,2860,460,1912,52,471,102,2036,194,2860,500,2860,78,2860,8,2860,2285,1912,667
14000US17031030701,1796,315,953,33,311,103,1226,140,1973,388,1973,98,1973,16,1885,1558,953,198
14000US17031030702,1538,86,1021,0,279,31,939,133,1538,53,1538,22,1538,50,1538,1388,1021,773
14000US17031030703,2620,514,1620,147,489,45,1563,221,2620,437,2620,161,2620,24,2609,2061,1620,548
14000US17031030706,3339,468,2269,89,508,138,2203,111,3339,663,3339,506,3339,131,3247,2642,2269,815
14000US17031030800,4063,668,2003,47,776,150,2688,246,4200,115,4200,630,4200,9,4158,3607,2003,914
14000US17031030900,3276,110,1432,65,726,121,2186,106,3279,77,3279,689,3279,58,3228,2975,1432,634
14000US17031031000,3172,360,1726,12,592,53,2374,133,3218,95,3218,501,3218,63,3215,2472,1726,675
14000US17031031100,4135,388,2235,28,915,155,3222,150,4228,219,4228,631,4228,15,4203,3127,2235,643
14000US17031031200,5104,2290,2696,175,808,252,2515,365,5323,1682,5323,604,5323,44,5265,4448,2696,644
14000US17031031300,7062,1676,3807,219,1438,499,4324,543,7491,1942,7491,808,7491,193,7413,6101,3807,1156
14000US17031031400,5036,488,3176,46,897,247,3798,203,5216,392,5216,528,5216,96,5200,4239,3176,2018
14000US17031031501,3240,1510,1535,161,544,111,1733,76,3321,991,3321,189,3321,63,3291,2623,1535,239
14000US17031031502,4454,1576,2267,240,780,206,2561,273,4532,1984,4532,810,4532,58,4485,3713,2267,270
14000US17031031700,6436,2189,3530,310,1125,299,4167,459,6564,1692,6564,830,6564,64,6483,5068,3530,1088
14000US17031031800,1770,324,931,19,359,18,1256,52,1774,14,1774,306,1774,37,1758,1367,931,369
14000US17031031900,2272,329,1293,29,424,47,1548,146,2272,145,2272,225,2272,88,2264,1811,1293,474
14000US17031032100,6890,1430,4224,140,888,132,5004,571,6968,775,6968,728,6968,137,6816,4916,4224,1175
14000US17031040100,3870,461,1663,55,816,57,2488,353,4074,309,4074,906,4074,160,4049,3443,1663,833
14000US17031040201,5640,933,2610,26,1371,224,3776,312,5679,74,5679,879,5679,60,5594,4400,2610,1088
14000US17031040202,6720,1473,2704,0,1570,299,4015,473,6816,616,6816,1305,6816,132,6719,5736,2704,859
14000US17031040300,2478,234,997,34,669,108,1392,100,2545,196,2545,212,2545,15,2506,2330,997,698
14000US17031040401,2982,381,1281,13,621,61,1891,81,2982,65,2982,590,2982,71,2954,2392,1281,657
14000US17031040402,4431,496,2411,25,806,162,3340,276,4431,230,4431,645,4431,0,4300,2960,2411,851
14000US17031040600,2529,235,1229,59,549,60,1811,97,2529,79,2529,409,2529,28,2476,1942,1229,454
14000US17031040700,3168,245,1487,36,733,90,2276,180,3168,75,3168,773,3168,35,3117,2700,1487,662
14000US17031040800,1664,58,788,0,401,63,1027,76,1766,60,1766,81,1766,0,1726,1463,788,361
14000US17031040900,2174,135,1052,10,452,71,1462,0,2174,1,2174,347,2174,87,2141,1892,1052,387
14000US17031050100,2558,39,1176,20,493,40,1826,91,2558,46,2558,316,2558,22,2488,1925,1176,558
14000US17031050200,5072,224,2304,49,1082,104,3019,231,5072,174,5072,1448,5072,209,4947,4285,2304,1148
14000US17031050300,2512,282,1125,43,504,49,1684,148,2531,15,2531,403,2531,35,2516,2178,1125,552
14000US17031050500,5204,112,2172,16,1188,211,3346,123,5204,32,5204,403,5204,45,5142,4267,2172,1055
14000US17031050600,2503,200,1090,8,503,80,1756,32,2503,55,2503,209,2503,27,2496,1823,1090,446
14000US17031050700,1488,57,722,7,300,48,1163,75,1488,17,1488,149,1488,5,1473,1278,722,474
14000US17031050800,1349,75,551,6,357,18,902,40,1349,5,1349,82,1349,11,1306,1010,551,325
14000US17031050900,1644,106,665,0,356,25,979,38,1644,0,1644,55,1644,15,1616,1325,665,313
14000US17031051000,1543,64,699,4,355,20,1123,17,1551,25,1551,208,1551,19,1491,1052,699,336
14000US17031051100,1683,106,724,19,423,52,1201,68,1683,104,1683,280,1683,56,1672,1265,724,283
14000US17031051200,1619,144,685,0,299,46,1125,25,1630,102,1630,182,1630,24,1603,1351,685,313
14000US17031051300,2730,159,1094,27,700,51,1901,166,2730,53,2730,382,2730,0,2603,2367,1094,618
14000US17031051400,2373,234,971,50,456,89,1597,100,2373,67,2373,490,2373,28,2303,1845,971,565
14000US17031060100,2582,203,1225,17,597,71,1857,128,2582,160,2582,330,2582,46,2535,2009,1225,658
14000US17031060200,1835,339,1060,11,324,58,1427,144,1835,68,1835,242,1835,40,1830,1376,1060,334
14000US17031060300,3270,148,1271,9,643,79,2296,89,3270,10,3270,77,3270,36,3227,2489,1271,663
14000US17031060400,4162,289,1560,8,740,61,2799,158,4162,0,4162,500,4162,36,4035,3163,1560,761
14000US17031060500,1157,300,694,37,149,0,713,26,1157,43,1157,89,1157,27,1157,858,694,128
14000US17031060800,4821,341,3096,42,668,52,3883,165,4834,248,4834,237,4834,139,4834,3873,3096,1650
14000US17031060900,6557,492,4395,60,958,13,4842,285,6557,395,6557,1083,6557,133,6557,5246,4395,1716
14000US17031061000,1672,230,837,16,218,13,1331,51,1672,25,1672,273,1672,23,1645,1061,837,288
14000US17031061100,1253,154,578,0,176,32,1096,66,1253,0,1253,46,1253,9,1236,805,578,193
14000US17031061200,2296,312,921,24,294,52,1781,72,2296,32,2296,73,2296,25,2286,1327,921,308
14000US17031061500,2028,97,840,11,313,8,1579,64,2028,28,2028,179,2028,39,2006,1362,840,262
14000US17031061800,1068,182,693,6,95,29,916,42,1145,13,1145,115,1145,5,1145,704,693,120
14000US17031061901,3767,478,2391,72,495,123,2826,112,3767,139,3767,416,3767,41,3767,2703,2391,724
14000US17031061902,3891,408,2819,116,533,36,2688,128,3891,197,3891,273,3891,0,3873,2824,2819,746
14000US17031062000,2762,251,1516,0,320,43,2316,51,2762,139,2762,156,2762,56,2715,1847,1516,415
14000US17031062100,3313,489,1576,23,441,19,2691,146,3313,27,3313,158,3313,36,3237,2062,1576,588
14000US17031062200,3065,343,1381,13,524,27,2512,117,3085,42,3085,248,3085,26,3005,1859,1381,616
14000US17031062300,1668,219,731,10,238,27,1194,94,1668,0,1668,78,1668,50,1637,1300,731,319
14000US17031062400,1709,13,748,1,365,7,1248,17,1709,25,1709,124,1709,64,1669,1289,748,323
14000US17031062500,1246,96,631,0,222,10,1084,50,1246,0,1246,50,1246,5,1205,824,631,290
14000US17031062600,2272,190,966,0,470,21,1402,108,2272,21,2272,367,2272,12,2224,1815,966,581
14000US17031062700,2696,451,1143,0,483,73,1796,50,2696,24,2696,171,2696,14,2685,1816,1143,475
14000US17031062800,3630,351,1519,31,736,36,2679,106,3630,131,3630,303,3630,41,3537,2285,1519,745
14000US17031062900,4278,632,1887,12,676,91,3297,71,4278,10,4278,168,4278,77,4145,2952,1887,867
14000US17031063000,3267,661,1714,0,394,67,2695,155,3275,58,3275,207,3275,54,3243,2030,1714,421
14000US17031063100,2379,398,1352,19,310,26,1853,60,2384,63,2384,148,2384,44,2355,1317,1352,317
14000US17031063200,6059,944,4112,0,931,119,4361,294,6142,272,6142,161,6142,41,6091,3995,4112,1335
14000US17031063301,2418,592,1778,58,218,9,1844,57,2418,152,2418,146,2418,58,2418,1530,1778,305
14000US17031063302,4040,379,2736,11,479,39,3148,85,4040,51,4040,186,4040,37,4010,2590,2736,952
14000US17031063303,1272,60,959,36,135,9,678,31,1275,37,1275,6,1275,8,1251,890,959,394
14000US17031063400,2070,496,1233,0,216,8,1613,69,2070,128,2070,152,2070,18,2063,1309,1233,370
14000US17031070101,4131,557,2654,59,663,0,2526,121,4131,73,4131,22,4131,9,4100,2912,2654,1340
14000US17031070102,2355,233,1657,0,219,8,2012,64,2355,221,2355,355,2355,25,2355,1373,1657,513
14000US17031070103,1795,323,1179,0,208,9,1476,106,1795,38,1795,195,1795,11,1795,1167,1179,150
14000US17031070200,3965,408,2030,15,658,42,2925,97,4142,160,4142,286,4142,46,4113,2875,2030,856
14000US17031070300,3370,655,1649,0,440,33,2663,136,3408,29,3408,137,3408,22,3370,2088,1649,690
14000US17031070400,3500,423,1576,93,610,14,2038,100,3500,108,3500,305,3500,83,3404,2501,1576,645
14000US17031070500,2867,216,1278,0,506,28,1993,123,3147,116,3147,210,3147,109,3068,2288,1278,622
14000US17031070600,2834,60,1230,0,596,14,2007,92,2834,47,2834,145,2834,56,2772,2439,1230,869
14000US17031070700,3673,440,1488,30,720,44,2410,80,3673,99,3673,616,3673,138,3537,2539,1488,768
14000US17031071000,2353,599,1069,11,265,56,2505,277,4095,164,4095,448,4095,86,4063,2060,1069,448
14000US17031071100,2531,422,1083,0,411,40,2017,93,2971,83,2971,109,2971,15,2941,1652,1083,500
14000US17031071200,2089,400,1051,19,296,32,1309,48,2091,87,2091,200,2091,34,2081,1470,1051,432
14000US17031071300,3533,364,1967,0,600,9,2398,122,3556,109,3556,85,3556,29,3542,2544,1967,837
14000US17031071400,4666,579,2739,36,756,79,3068,95,4666,151,4666,234,4666,60,4612,3428,2739,824
14000US17031071500,5562,462,3696,29,765,96,4228,275,5562,228,5562,275,5562,66,5468,4140,3696,1383
14000US17031071600,1702,195,756,5,359,39,1064,72,1702,80,1702,28,1702,4,1678,1280,756,385
14000US17031071700,1784,186,765,0,409,84,1165,44,1784,254,1784,170,1784,26,1766,1443,765,416
14000US17031071800,2572,170,1144,11,619,72,1533,129,2606,356,2606,196,2606,9,2549,2357,1144,728
14000US17031080100,6446,400,4052,15,1392,42,4172,138,6446,285,6446,391,6446,83,6446,5208,4052,2059
14000US17031080201,3463,191,2354,0,541,0,2358,174,3463,177,3463,71,3463,14,3463,2760,2354,1235
14000US17031080202,3521,175,2345,0,712,95,2710,103,3521,175,3521,83,3521,16,3410,2423,2345,1249
14000US17031080300,4496,455,2506,85,723,120,3606,156,4496,326,4496,257,4496,92,4434,3365,2506,1277
14000US17031080400,4469,2369,1969,41,778,479,2272,435,4469,2586,4469,124,4469,0,4454,3818,1969,609
14000US17031081000,6658,1484,4859,197,955,160,4998,309,7811,815,7811,566,7811,135,7709,5317,4859,841
14000US17031081100,3652,782,2697,127,443,0,2711,267,3652,380,3652,196,3652,55,3632,2473,2697,606
14000US17031081201,4361,397,2902,15,784,36,3186,330,4551,113,4551,271,4551,54,4551,3283,2902,1534
14000US17031081202,3268,239,1977,18,728,180,1905,126,3268,0,3268,198,3268,107,3244,2744,1977,1397
14000US17031081300,4994,366,3213,40,1097,30,3095,192,4994,270,4994,132,4994,0,4921,4167,3213,1994
14000US17031081401,2311,319,1500,17,375,0,1439,327,2360,413,2360,58,2360,197,2360,1645,1500,790
14000US17031081402,4072,332,2771,52,960,94,2432,100,4072,183,4072,141,4072,56,4057,3124,2771,1310
14000US17031081403,6786,405,4694,40,1317,16,4979,369,6786,112,6786,431,6786,224,6686,4405,4694,1257
14000US17031081500,4176,421,2798,9,873,30,2855,131,4196,23,4196,102,4196,166,4145,3021,2798,1304
14000US17031081600,3385,481,2249,0,609,17,2570,281,3385,58,3385,266,3385,26,3257,2433,2249,747
14000US17031081700,3225,206,2107,29,384,17,2610,95,3225,166,3225,578,3225,15,3132,2065,2107,550
14000US17031081800,7243,343,4914,0,1517,175,6186,371,7243,188,7243,372,7243,1,7148,5081,4914,2681
14000US17031081900,1297,511,557,13,290,142,720,98,1297,674,1297,31,1297,0,1238,952,557,245
14000US17031090100,3122,90,1262,10,930,124,1687,67,3122,0,3122,264,3122,41,3107,2874,1262,1147
14000US17031090200,6331,158,2773,32,1509,136,3653,313,6331,0,6331,396,6331,139,6306,5880,2773,2092
14000US17031090300,1431,103,562,10,346,36,736,67,1431,0,1431,26,1431,0,1431,1360,562,501
14000US17031100100,5989,313,2229,28,1473,248,3324,333,5989,27,5989,1020,5989,98,5851,5748,2229,1489
14000US17031100200,6843,226,2787,54,1720,340,4098,340,7024,224,7024,1162,7024,95,6953,6172,2787,1959
14000US17031100300,5911,474,2502,112,1435,217,2712,278,6209,84,6209,820,6209,30,6192,5726,2502,1713
14000US17031100400,2959,308,1222,7,838,32,1631,116,2961,4,2961,281,2961,44,2879,2708,1222,1174
14000US17031100500,5162,69,1938,12,1366,173,2680,146,5162,3,5162,842,5162,48,5097,4702,1938,1764
14000US17031100600,4938,202,1829,17,1213,205,2738,309,4938,19,4938,730,4938,63,4904,4567,1829,1552
14000US17031100700,4690,544,1849,26,1287,137,2684,287,4705,17,4705,564,4705,69,4696,4536,1849,1702
14000US17031110100,5993,382,2017,30,1315,153,2983,276,5993,76,5993,1213,5993,239,5955,5154,2017,1225
14000US17031110200,2893,424,1143,0,715,108,1560,271,2893,14,2893,344,2893,31,2890,2732,1143,668
14000US17031110300,5310,242,1828,21,1299,142,3071,322,5310,37,5310,1047,5310,65,5301,5239,1828,1649
14000US17031110400,4678,252,1803,19,1126,136,2497,403,4734,26,4734,1075,4734,95,4679,4119,1803,1082
14000US17031110501,4829,191,1687,22,1098,170,2559,217,4837,157,4837,1198,4837,107,4768,4193,1687,1129
14000US17031110502,3407,587,1431,49,800,139,1965,367,3445,34,3445,805,3445,69,3363,3139,1431,686
14000US17031120100,3935,161,1466,10,1087,71,1878,114,3935,3,3935,214,3935,43,3909,3828,1466,1404
14000US17031120200,4526,106,1622,0,1179,113,2176,118,4526,38,4526,353,4526,21,4490,4175,1622,1362
14000US17031120300,6513,389,2360,36,1839,193,3535,296,6513,112,6513,577,6513,0,6357,5847,2360,2219
14000US17031120400,3736,502,1288,15,874,70,2151,107,3736,0,3736,1069,3736,88,3711,3414,1288,1002
14000US17031130100,5965,516,2063,124,1202,191,2550,315,6149,78,6149,606,6149,117,6095,5892,2063,1259
14000US17031130200,1530,145,585,0,344,50,948,44,1530,58,1530,273,1530,7,1530,1371,585,454
14000US17031130300,5403,688,1756,20,1258,220,2666,277,5403,138,5403,1122,5403,67,5313,4544,1756,896
14000US17031140100,4034,1467,1184,55,736,168,2241,236,4034,411,4034,2310,4034,251,3987,3148,1184,340
14000US17031140200,5142,1255,1708,46,1023,160,3870,353,5998,216,5998,3057,5998,136,5989,4724,1708,483
14000US17031140301,2739,562,718,18,532,156,1707,115,2739,43,2739,1889,2739,203,2732,1956,718,264
14000US17031140302,4325,1257,1402,85,908,155,2222,235,4597,406,4597,1998,4597,107,4528,3906,1402,482
14000US17031140400,7347,1006,2195,13,1618,282,3718,312,7347,73,7347,2332,7347,44,7179,6100,2195,1307
14000US17031140500,4239,684,1271,27,1000,103,2363,364,4239,145,4239,2154,4239,87,4112,3614,1271,560
14000US17031140601,3287,745,882,31,613,129,1646,147,3287,131,3287,2174,3287,56,3267,2498,882,347
14000US17031140602,5714,1350,1662,71,1072,250,3233,496,5714,288,5714,4000,5714,207,5558,3774,1662,331
14000US17031140701,2296,233,921,14,508,112,1513,163,2296,68,2296,1097,2296,26,2281,1873,921,328
14000US17031140702,6154,1397,1959,33,1285,353,3400,460,6163,371,6163,3948,6163,170,6083,4772,1959,601
14000US17031140800,7604,1075,2707,64,1807,146,4694,528,7604,114,7604,2994,7604,76,7580,6811,2707,1155
14000US17031150200,7590,1571,3071,54,1860,590,4475,456,7601,244,7601,2331,7601,318,7454,6327,3071,1222
14000US17031150300,7017,796,2849,117,1685,467,4253,481,7017,103,7017,2137,7017,161,6889,6378,2849,1590
14000US17031150401,4660,676,1819,10,1149,368,2743,454,4660,23,4660,1082,4660,48,4643,4195,1819,1086
14000US17031150402,3642,433,1257,25,909,229,2034,294,3642,0,3642,1863,3642,181,3606,3312,1257,771
14000US17031150501,3932,199,1276,41,1009,162,2239,134,3932,4,3932,1337,3932,92,3868,3619,1276,1094
14000US17031150502,4616,511,1546,18,1003,292,2305,181,4679,23,4679,2095,4679,387,4521,3933,1546,869
14000US17031150600,3818,415,1378,8,903,215,2117,275,3818,0,3818,1382,3818,31,3786,3647,1378,928
14000US17031150700,4414,348,1440,43,1117,122,2385,295,4422,30,4422,1942,4422,128,4360,4242,1440,1068
14000US17031150800,5270,622,1791,83,1263,207,3142,455,5270,25,5270,2857,5270,193,5248,4476,1791,944
14000US17031151001,2421,970,831,5,555,190,1305,145,2421,53,2421,1716,2421,126,2377,2139,831,371
14000US17031151002,5007,771,1550,40,1030,354,3108,551,5034,6,5034,3402,5034,225,4929,4139,1550,623
14000US17031151100,5155,748,1697,92,1093,245,2872,345,5163,35,5163,2722,5163,301,5079,4577,1697,816
14000US17031151200,3707,314,1254,12,842,106,2041,182,3716,145,3716,1227,3716,25,3716,3480,1254,887
14000US17031160100,2819,147,941,62,675,103,1458,185,2824,1,2824,594,2824,59,2777,2281,941,577
14000US17031160200,3740,244,1392,11,854,123,2151,296,3761,132,3761,849,3761,65,3654,3484,1392,796
14000US17031160300,3672,998,1807,62,611,56,2088,221,3757,601,3757,932,3757,88,3695,2873,1807,611
14000US17031160400,5092,1340,1885,87,1099,225,3210,460,5092,153,5092,2481,5092,147,5034,4369,1885,767
14000US17031160501,4289,821,1314,62,997,267,2270,178,4309,150,4309,2992,4309,80,4173,3990,1314,562
14000US17031160502,4561,646,1361,60,949,142,2575,229,4599,25,4599,2878,4599,71,4530,3811,1361,672
14000US17031160601,3996,483,1339,37,879,41,2161,121,3996,14,3996,2229,3996,20,3908,3505,1339,518
14000US17031160602,3911,743,1548,28,833,198,2347,219,3937,108,3937,2006,3937,153,3851,3412,1548,562
14000US17031160700,5591,800,1980,181,1323,344,2954,228,5816,291,5816,2828,5816,146,5760,5005,1980,983
14000US17031160800,5698,525,1900,42,1195,291,3620,457,5698,55,5698,3383,5698,238,5618,4635,1900,851
14000US17031160900,2468,201,1000,14,641,157,1462,213,2469,9,2469,641,2469,66,2449,2255,1000,646
14000US17031161000,1753,227,784,0,409,92,1009,77,1762,6,1762,474,1762,42,1749,1586,784,421
14000US17031161100,2215,182,764,49,547,61,1206,102,2215,36,2215,387,2215,43,2146,1902,764,575
14000US17031161200,2823,254,852,102,646,148,1379,161,2823,14,2823,1468,2823,66,2733,2487,852,509
14000US17031161300,3754,581,1435,82,833,218,1958,192,3783,91,3783,2245,3783,149,3755,3147,1435,435
14000US17031170100,1797,250,992,27,457,113,690,15,1906,37,1906,226,1906,74,1887,1610,992,791
14000US17031170200,4030,258,1187,44,900,216,2336,266,4030,1,4030,1299,4030,209,4020,3767,1187,899
14000US17031170300,5062,812,1850,0,1328,227,3005,270,5065,3,5065,1071,5065,74,5025,4780,1850,1385
14000US17031170400,3716,621,1406,0,1018,234,2087,204,3716,10,3716,663,3716,93,3686,3515,1406,1171
14000US17031170500,4699,259,1860,0,1323,229,2915,124,4699,149,4699,947,4699,124,4612,4348,1860,1438
14000US17031170600,2752,197,958,4,652,120,1433,172,2752,62,2752,511,2752,45,2689,2530,958,662
14000US17031170700,2808,410,993,18,770,137,1624,303,2808,0,2808,479,2808,49,2769,2620,993,764
14000US17031170800,3708,571,1385,0,903,162,2109,370,3708,10,3708,979,3708,38,3671,3357,1385,986
14000US17031170900,1740,130,607,5,437,130,961,134,1740,88,1740,355,1740,62,1721,1459,607,450
14000US17031171000,7429,621,2618,83,1822,385,4207,255,7430,130,7430,2007,7430,276,7386,6882,2618,1828
14000US17031171100,4551,288,1316,40,1037,128,2771,434,4551,0,4551,1902,4551,244,4415,4090,1316,907
14000US17031180100,5306,699,1966,22,1298,202,2942,323,5413,91,5413,2400,5413,127,5336,4842,1966,1426
14000US17031190100,2660,412,772,21,502,156,1596,280,2671,61,2671,2202,2671,180,2591,2327,772,267
14000US17031190200,5828,1550,1542,44,1260,300,3081,558,5831,107,5831,4338,5831,349,5691,5416,1542,909
14000US17031190300,5105,797,1780,63,1054,276,3018,475,5116,0,5116,3253,5116,525,5047,4715,1780,885
14000US17031190401,4238,460,1216,10,974,222,2203,490,4238,0,4238,2537,4238,338,4147,4004,1216,762
14000US17031190402,4731,934,1505,75,971,285,2516,503,4731,170,4731,3265,4731,285,4634,4249,1505,895
14000US17031190601,4744,1237,1203,43,1023,175,2533,496,4744,157,4744,3708,4744,231,4710,3987,1203,529
14000US17031190602,4850,830,1315,85,1093,298,2307,318,5153,467,5153,3861,5153,272,5084,4797,1315,768
14000US17031190701,2733,179,824,16,596,172,1413,178,2733,86,2733,2081,2733,95,2705,2477,824,393
14000US17031190702,4905,965,1335,9,1179,234,2534,321,4923,254,4923,3895,4923,239,4764,4261,1335,533
14000US17031190800,6901,1380,1927,8,1554,422,3102,443,6901,249,6901,5781,6901,542,6736,6011,1927,843
14000US17031190900,2154,465,607,16,434,168,1269,211,2154,228,2154,1773,2154,168,2154,2003,607,368
14000US17031191000,2875,699,677,0,634,199,1448,254,2875,129,2875,2640,2875,152,2823,2706,677,420
14000US17031191100,7561,1938,1914,93,1611,529,3741,720,7561,551,7561,6622,7561,388,7424,6510,1914,786
14000US17031191200,3881,1316,962,32,770,173,1576,184,3881,72,3881,3495,3881,69,3797,3332,962,373
14000US17031191301,5961,1276,1477,107,1239,258,3028,432,5961,690,5961,5080,5961,209,5950,5586,1477,731
14000US17031191302,5033,1282,1293,35,1092,221,2131,219,5033,266,5033,4716,5033,155,4940,4456,1293,567
14000US17031200100,4605,593,1300,0,944,226,2389,328,4651,53,4651,3881,4651,348,4535,3953,1300,593
14000US17031200200,5359,859,1531,27,1152,432,2786,405,5369,39,5369,4885,5369,621,5305,4292,1531,576
14000US17031200300,2231,612,625,0,486,113,1217,159,2231,21,2231,2020,2231,144,2204,1776,625,215
14000US17031200401,4067,757,993,33,902,222,1935,217,4067,48,4067,3879,4067,466,4023,3785,993,435
14000US17031200402,3898,1096,1146,11,795,229,2063,297,3898,74,3898,3621,3898,434,3863,3293,1146,479
14000US17031210100,3925,696,1438,39,926,169,2255,207,3991,158,3991,1821,3991,96,3923,2933,1438,709
14000US17031210400,2974,626,1004,16,580,132,1577,172,2999,49,2999,2084,2999,66,2957,2587,1004,409
14000US17031210501,4706,865,1480,77,1048,289,2502,305,4706,202,4706,3155,4706,244,4619,3882,1480,340
14000US17031210502,5035,1219,1551,18,1100,433,2490,312,5046,55,5046,3573,5046,119,4960,4539,1551,447
14000US17031210601,3232,323,1044,32,725,77,1918,122,3251,48,3251,2206,3251,140,3197,3018,1044,516
14000US17031210602,4032,950,1443,27,851,312,2211,185,4032,66,4032,2950,4032,143,3903,3085,1443,542
14000US17031210700,4248,581,1615,128,886,291,2753,279,4270,13,4270,2788,4270,170,4175,3748,1615,677
14000US17031210800,1126,255,369,0,218,23,629,63,1127,18,1127,651,1127,4,1127,872,369,133
14000US17031210900,3107,395,1172,9,660,182,1766,154,3107,196,3107,1801,3107,209,3100,2792,1172,522
14000US17031220300,2153,202,988,14,410,164,1550,140,2153,84,2153,492,2153,43,2088,1601,988,386
14000US17031220400,2618,286,1164,6,513,73,1680,92,2618,24,2618,794,2618,85,2595,2209,1164,455
14000US17031220500,2731,545,1242,15,497,96,1782,96,2731,161,2731,800,2731,106,2604,2236,1242,503
14000US17031220601,1449,246,694,0,275,94,896,71,1449,163,1449,645,1449,111,1444,1130,694,275
14000US17031220602,4548,1170,2173,75,873,207,3002,259,4554,285,4554,1593,4554,424,4411,3258,2173,590
14000US17031220701,3685,973,1179,65,820,216,1700,158,3699,352,3699,2524,3699,367,3620,2916,1179,344
14000US17031220702,4263,970,1296,77,909,306,2111,112,4321,202,4321,3244,4321,260,4271,3623,1296,442
14000US17031220901,3332,1315,1024,94,684,131,1412,230,3332,308,3332,2468,3332,436,3257,2663,1024,351
14000US17031220902,3205,1077,970,73,635,171,1559,146,3205,228,3205,2438,3205,141,3161,2558,970,378
14000US17031221000,3262,813,942,72,682,263,1674,226,3271,356,3271,2321,3271,160,3224,2896,942,380
14000US17031221100,4609,1249,1959,32,836,306,2716,338,4815,644,4815,2329,4815,540,4758,3912,1959,620
14000US17031221200,2808,450,1125,16,543,128,1663,83,2808,136,2808,1219,2808,178,2801,2525,1125,443
14000US17031221300,2603,582,1205,50,490,89,1777,192,2603,159,2603,1128,2603,53,2577,1810,1205,298
14000US17031221400,3187,739,1269,20,605,121,2090,97,3187,111,3187,1974,3187,84,3187,2588,1269,362
14000US17031221500,2695,486,1368,128,500,115,1722,70,2695,92,2695,1284,2695,293,2678,2079,1368,323
14000US17031221600,3078,380,1342,15,644,109,2087,142,3078,24,3078,754,3078,48,3029,2525,1342,618
14000US17031222200,1920,71,884,6,373,21,1425,87,1921,25,1921,150,1921,33,1883,1530,884,511
14000US17031222500,1449,293,506,24,321,143,881,40,1449,123,1449,936,1449,103,1417,1331,506,222
14000US17031222600,1636,326,696,19,250,57,974,43,1636,183,1636,731,1636,157,1620,1281,696,190
14000US17031222700,2625,830,860,72,655,274,1264,199,2631,229,2631,1809,2631,247,2596,2128,860,302
14000US17031222800,902,425,362,17,262,108,384,49,902,254,902,638,902,98,894,678,362,40
14000US17031222900,1022,337,332,14,197,66,521,84,1022,146,1022,749,1022,138,1022,852,332,130
14000US17031230100,1588,353,630,3,266,94,899,97,1600,201,1600,1008,1600,102,1600,1248,630,169
14000US17031230200,1712,339,566,9,383,125,901,86,1712,277,1712,1252,1712,152,1702,1441,566,225
14000US17031230300,1035,266,288,28,205,24,491,34,1035,28,1035,981,1035,51,1026,960,288,122
14000US17031230400,2521,592,657,37,512,151,1092,121,2521,182,2521,2182,2521,502,2511,2241,657,318
14000US17031230500,3424,1039,987,59,682,273,1368,284,3424,322,3424,3099,3424,167,3339,2892,987,304
14000US17031230600,7607,3183,1944,113,1587,772,2697,460,7706,2381,7706,5155,7706,734,7486,6482,1944,647
14000US17031230700,4939,1211,1527,41,1184,464,2409,386,4952,593,4952,4204,4952,569,4844,4399,1527,644
14000US17031230800,1051,90,311,0,235,32,509,70,1051,70,1051,832,1051,107,1051,1026,311,194
14000US17031230900,4926,1895,1830,61,1093,504,2461,468,4926,1425,4926,2863,4926,574,4830,4176,1830,562
14000US17031231100,1039,334,344,38,221,109,430,106,1039,769,1039,176,1039,11,1039,911,344,132
14000US17031231200,5053,2285,1586,96,1072,608,1814,491,5078,3419,5078,1447,5078,239,5022,3954,1586,641
14000US17031231500,6204,2095,1868,150,1238,738,1961,425,6204,5748,6204,264,6204,0,6132,5170,1868,691
14000US17031240200,1659,121,842,14,295,18,1123,60,1659,15,1659,426,1659,83,1626,1321,842,386
14000US17031240300,1407,62,667,0,263,21,972,57,1407,0,1407,65,1407,22,1347,974,667,335
14000US17031240500,2228,125,1162,38,490,39,1793,62,2228,14,2228,322,2228,0,2158,1669,1162,797
14000US17031240600,1483,575,589,6,312,116,922,78,1483,37,1483,722,1483,54,1411,1209,589,311
14000US17031240700,1801,643,622,9,379,83,1031,66,1801,90,1801,1048,1801,74,1795,1454,622,256
14000US17031240800,1588,450,641,26,289,167,794,110,1608,127,1608,1205,1608,153,1608,1387,641,150
14000US17031240900,986,193,435,56,198,32,559,81,986,120,986,515,986,185,981,766,435,123
14000US17031241000,1914,573,703,72,432,266,984,78,2082,662,2082,939,2082,222,2059,1737,703,196
14000US17031241100,3776,711,1521,41,761,261,2552,279,3776,455,3776,1493,3776,365,3731,2822,1521,450
14000US17031241200,2009,317,781,45,376,103,1325,72,2009,144,2009,372,2009,126,1988,1604,781,340
14000US17031241300,1725,337,788,19,273,119,1272,57,1896,281,1896,330,1896,80,1883,1534,788,291
14000US17031241400,5055,918,2310,26,1028,213,3494,261,5055,805,5055,637,5055,89,5007,4081,2310,962
14000US17031241500,3102,327,1342,21,405,35,2382,34,3133,46,3133,543,3133,50,3100,2037,1342,460
14000US17031241600,3421,570,1565,58,555,137,2759,149,3421,156,3421,753,3421,43,3369,2342,1565,521
14000US17031242000,4044,678,2000,110,628,188,2483,172,4044,880,4044,902,4044,236,3972,2773,2000,443
14000US17031242100,3128,285,1639,43,553,60,2395,106,3128,134,3128,494,3128,49,3037,2313,1639,843
14000US17031242200,4047,524,1826,34,730,123,2825,103,4047,227,4047,776,4047,55,4022,2768,1826,650
14000US17031242300,3387,277,1654,42,661,121,2582,77,3387,74,3387,592,3387,118,3347,2469,1654,520
14000US17031242400,2859,243,1352,34,530,87,2091,76,2859,35,2859,237,2859,11,2828,2188,1352,412
14000US17031242500,4043,568,1504,66,726,331,2432,215,4043,119,4043,1937,4043,250,3987,3161,1504,391
14000US17031242600,5221,1066,2227,49,971,144,3000,408,5221,543,5221,2245,5221,594,5176,4231,2227,645
14000US17031242700,1828,740,705,53,440,180,958,221,1852,553,1852,888,1852,217,1840,1531,705,156
14000US17031242800,1547,194,649,25,354,24,954,115,1547,9,1547,250,1547,95,1533,1409,649,377
14000US17031242900,1947,350,889,41,315,39,1365,52,1947,109,1947,641,1947,81,1868,1314,889,284
14000US17031243000,2496,371,987,0,647,136,1601,60,2496,2,2496,1271,2496,42,2415,2048,987,546
14000US17031243100,2553,352,882,37,562,144,1578,123,2553,105,2553,1357,2553,93,2494,1910,882,441
14000US17031243200,2172,207,826,40,394,60,1693,33,2181,20,2181,841,2181,13,2151,1740,826,348
14000US17031243300,2342,296,1168,26,514,94,1832,211,2342,98,2342,598,2342,103,2289,1646,1168,311
14000US17031243400,2847,280,1338,18,488,138,2091,219,2866,182,2866,1035,2866,81,2866,2399,1338,606
14000US17031243500,3168,424,1736,41,537,123,2380,153,3168,370,3168,292,3168,71,3087,2432,1736,759
14000US17031250200,2977,744,789,30,654,315,1421,263,3008,1869,3008,1281,3008,161,2930,2453,789,465
14000US17031250300,4848,1499,1664,194,1103,518,2272,361,4848,3625,4848,1081,4848,127,4761,3893,1664,785
14000US17031250400,5929,1600,1901,170,1334,565,2877,563,5957,4973,5957,1089,5957,19,5868,5259,1901,755
14000US17031250500,7575,777,2828,74,1871,432,4114,484,7575,2273,7575,1986,7575,241,7551,7343,2828,2400
14000US17031250600,4527,776,1314,71,936,348,2092,435,4581,4213,4581,293,4581,73,4519,4240,1314,949
14000US17031250700,5872,2215,2001,105,1392,810,2407,638,5901,5707,5901,229,5901,42,5764,5330,2001,531
14000US17031250800,2251,627,768,74,579,309,1077,186,2251,2018,2251,194,2251,45,2218,2012,768,365
14000US17031251000,1210,321,330,43,256,196,497,81,1210,1115,1210,92,1210,7,1210,1047,330,163
14000US17031251100,4643,1636,1501,136,1019,618,1654,402,4659,4181,4659,375,4659,0,4659,4159,1501,580
14000US17031251200,4130,876,1089,107,891,430,1683,346,4163,3751,4163,111,4163,0,4114,3856,1089,642
14000US17031251300,4673,1569,1591,159,1152,685,2026,515,4693,4400,4693,245,4693,42,4627,3641,1591,513
14000US17031251400,3921,1400,1509,97,867,472,1601,287,3951,3714,3951,117,3951,22,3927,3584,1509,431
14000US17031251500,4100,1397,1185,232,791,574,1815,590,4202,3921,4202,186,4202,11,4129,3063,1185,466
14000US17031251600,3247,1058,1068,227,726,409,1215,279,3247,3049,3247,173,3247,10,3203,2953,1068,480
14000US17031251700,1817,1084,487,51,346,208,481,151,1817,1452,1817,328,1817,0,1773,1526,487,158
14000US17031251800,4932,2111,1558,193,1147,732,1873,731,4932,4896,4932,0,4932,0,4844,4332,1558,260
14000US17031251900,5819,2464,1754,245,1212,784,2572,888,5986,5767,5986,142,5986,15,5967,4608,1754,303
14000US17031252000,6192,2089,2327,314,1268,810,2433,345,6216,5928,6216,228,6216,9,6087,4597,2327,400
14000US17031252101,1819,429,599,75,378,234,776,204,1819,1651,1819,110,1819,0,1793,1638,599,170
14000US17031252102,5938,2065,2012,306,1288,879,2403,666,5938,5925,5938,0,5938,0,5905,4603,2012,605
14000US17031252201,2433,875,893,47,548,339,1206,324,2776,2604,2776,25,2776,0,2773,2236,893,416
14000US17031252202,4504,1412,1469,170,1160,637,1701,424,4504,4403,4504,25,4504,0,4384,3708,1469,383
14000US17031260100,1152,558,519,69,213,198,423,130,1152,1078,1152,2,1152,0,1089,857,519,100
14000US17031260200,1042,530,352,30,258,113,379,174,1042,1012,1042,25,1042,5,1024,867,352,84
14000US17031260300,1450,707,492,71,278,210,483,118,1450,1358,1450,48,1450,0,1450,1035,492,118
14000US17031260400,1489,799,425,42,319,182,436,84,1505,1483,1505,1,1505,0,1452,1187,425,164
14000US17031260500,1812,623,555,54,430,306,643,197,1816,1808,1816,0,1816,0,1805,1329,555,151
14000US17031260600,2817,1354,697,62,564,277,966,273,2830,2711,2830,14,2830,0,2788,2317,697,279
14000US17031260700,1995,969,581,78,419,245,698,157,2000,1937,2000,15,2000,0,1989,1777,581,147
14000US17031260800,2462,1267,711,35,516,413,678,187,2476,2471,2476,20,2476,0,2476,2067,711,114
14000US17031260900,1758,981,414,62,330,258,403,96,1777,1690,1777,17,1777,0,1735,1207,414,91
14000US17031261000,2653,1026,718,114,605,376,949,246,2667,2653,2667,14,2667,14,2614,1976,718,230
14000US17031270500,1795,1013,655,100,389,248,536,158,1848,1676,1848,54,1848,43,1784,1437,655,87
14000US17031271200,1432,484,358,41,305,160,519,83,1432,1400,1432,14,1432,13,1395,1021,358,102
14000US17031271300,1165,555,345,46,284,250,313,111,1165,1151,1165,3,1165,3,1160,1000,345,86
14000US17031271400,1363,451,485,42,338,204,520,84,1368,1304,1368,20,1368,0,1320,1151,485,116
14000US17031271500,1249,621,460,6,287,160,521,112,1306,1294,1306,0,1306,0,1299,1047,460,237
14000US17031271800,903,390,229,37,173,129,360,101,903,885,903,0,903,0,868,610,229,25
14000US17031280100,5730,338,3706,0,959,69,5139,183,5730,227,5730,486,5730,77,5659,3906,3706,1596
14000US17031280400,1136,609,436,42,264,201,546,179,1136,977,1136,23,1136,15,1136,1024,436,53
14000US17031280800,676,259,241,26,138,72,275,95,695,613,695,11,695,0,675,598,241,35
14000US17031280900,827,473,317,59,222,186,317,120,827,704,827,54,827,0,827,775,317,64
14000US17031281900,4124,818,2676,14,757,94,2967,151,4124,333,4124,251,4124,54,4048,2470,2676,663
14000US17031282700,2502,859,937,53,466,148,1471,168,2557,1287,2557,915,2557,40,2479,1760,937,340
14000US17031282800,1801,132,717,0,413,110,1035,107,1801,442,1801,300,1801,30,1741,1447,717,270
14000US17031283100,2819,890,1176,0,478,249,1413,131,2819,1463,2819,78,2819,30,2787,1961,1176,158
14000US17031283200,1360,399,619,9,281,137,830,101,1360,529,1360,93,1360,0,1300,937,619,221
14000US17031283800,3249,703,1615,52,711,240,1891,273,3249,1619,3249,348,3249,19,3223,2598,1615,658
14000US17031290900,3913,2057,1324,100,904,627,1172,148,3938,3839,3938,27,3938,0,3926,3399,1324,373
14000US17031291200,2269,1152,671,102,509,412,852,308,2317,2280,2317,0,2317,0,2248,2013,671,180
14000US17031291600,823,207,302,15,216,76,439,34,823,142,823,614,823,0,823,737,302,95
14000US17031292200,3065,1490,932,99,641,463,1036,205,3065,2986,3065,0,3065,0,3065,2641,932,274
14000US17031292400,2038,1039,709,51,410,304,539,112,2038,1925,2038,12,2038,0,1973,1656,709,95
14000US17031292500,4160,1650,1311,129,926,503,1563,383,4180,4119,4180,64,4180,0,4120,3537,1311,437
14000US17031300500,3009,597,783,67,593,151,1472,210,3009,78,3009,2864,3009,5,2980,2618,783,173
14000US17031300600,3201,650,790,99,703,185,1576,265,3299,502,3299,2726,3299,8,3258,3034,790,343
14000US17031300700,4465,1865,1186,72,946,400,2176,226,4465,77,4465,4271,4465,117,4340,3667,1186,257
14000US17031300800,4135,1548,1082,112,861,227,1842,286,4180,17,4180,4126,4180,46,4113,3820,1082,381
14000US17031300900,3604,1586,1054,143,852,248,1830,321,3604,63,3604,3420,3604,174,3586,3077,1054,258
14000US17031301100,2805,1295,709,149,604,120,1374,308,2860,96,2860,2721,2860,0,2816,2125,709,218
14000US17031301200,3533,1234,990,135,716,190,1655,364,3533,238,3533,3103,3533,17,3441,3114,990,199
14000US17031301600,4321,1761,1204,134,952,244,1953,446,4346,132,4346,4140,4346,21,4190,3381,1204,462
14000US17031301701,3615,1017,935,0,722,174,1601,106,3615,2,3615,3525,3615,0,3519,3222,935,374
14000US17031301702,3558,1638,996,149,794,156,1551,231,3558,0,3558,3464,3558,67,3472,3313,996,514
14000US17031301801,4029,1442,1050,117,866,233,1708,411,4029,185,4029,3738,4029,21,3887,3546,1050,458
14000US17031301802,2615,714,724,98,574,167,1203,70,2615,13,2615,2553,2615,0,2610,2156,724,190
14000US17031301803,4621,1742,1251,129,972,272,2009,415,4635,0,4635,4545,4635,19,4586,4291,1251,507
14000US17031310200,1399,240,659,40,297,113,981,118,1399,31,1399,844,1399,45,1399,1147,659,215
14000US17031310300,1424,293,675,26,324,70,1123,113,1428,86,1428,866,1428,39,1424,1065,675,114
14000US17031310400,1295,124,526,9,273,113,830,142,1295,68,1295,932,1295,28,1282,1120,526,225
14000US17031310500,1589,645,501,57,364,90,734,131,1589,7,1589,1492,1589,44,1512,1135,501,141
14000US17031310600,5564,1629,2093,212,799,187,3321,681,5575,577,5575,3900,5575,59,5549,4541,2093,366
14000US17031310700,1194,370,528,78,274,78,769,96,1194,86,1194,901,1194,34,1182,791,528,88
14000US17031310800,4638,1007,1455,159,924,281,2672,410,4638,34,4638,4125,4638,262,4545,3753,1455,457
14000US17031310900,4972,1467,1622,164,1090,345,2633,361,4972,109,4972,4227,4972,32,4910,4216,1622,420
14000US17031320100,9334,930,6421,57,1859,82,6621,199,9589,768,9589,662,9589,170,9422,6396,6421,2319
14000US17031320400,702,45,426,0,237,5,1116,144,1987,339,1987,104,1987,43,1987,838,426,241
14000US17031320600,4015,543,2402,19,828,86,3060,152,4015,583,4015,223,4015,34,4015,2956,2402,783
14000US17031330100,16197,1560,9855,29,3149,619,12107,541,16375,3456,16375,1106,16375,85,16116,11764,9855,4591
14000US17031330200,3978,432,1925,50,898,136,2417,176,3978,1251,3978,151,3978,0,3861,3148,1925,1123
14000US17031340300,1919,401,668,71,448,49,963,106,1919,9,1919,76,1919,6,1882,1614,668,247
14000US17031340400,1888,673,651,0,429,98,1080,135,1888,2,1888,63,1888,103,1873,1390,651,307
14000US17031340500,1511,458,810,84,318,35,723,90,1511,203,1511,319,1511,5,1511,1312,810,143
14000US17031340600,1266,961,438,92,228,184,449,235,1266,1261,1266,0,1266,0,1219,967,438,0
14000US17031350100,1940,401,1472,30,249,98,1227,182,1940,1099,1940,64,1940,16,1921,1183,1472,0
14000US17031350400,1068,770,419,53,265,223,316,116,1068,984,1068,51,1068,0,1040,419,419,0
14000US17031351000,3762,1061,2066,0,621,283,2232,338,3762,2634,3762,0,3762,61,3669,2312,2066,162
14000US17031351100,1880,1290,759,34,546,468,651,253,1880,1860,1880,0,1880,24,1868,1530,759,8
14000US17031351400,1437,795,737,46,298,237,759,262,1437,1212,1437,84,1437,18,1416,1119,737,54
14000US17031351500,311,81,114,0,79,28,200,55,311,179,311,0,311,0,305,135,114,34
14000US17031360200,1487,816,640,66,434,368,640,246,1487,1368,1487,26,1487,0,1487,1225,640,16
14000US17031380100,1949,688,895,57,382,258,892,229,1949,1735,1949,0,1949,0,1930,1655,895,271
14000US17031380200,1690,496,1030,8,292,99,479,97,1690,1509,1690,38,1690,0,1628,1527,1030,160
14000US17031380500,841,263,297,17,196,172,400,96,841,835,841,0,841,0,818,756,297,0
14000US17031380700,1093,264,482,11,149,77,484,91,1264,981,1264,7,1264,0,1246,1015,482,121
14000US17031381200,2008,351,1045,71,472,346,1157,292,2008,1925,2008,38,2008,0,1990,1796,1045,256
14000US17031381400,1687,510,616,21,375,258,967,325,1687,1669,1687,31,1687,13,1687,1396,616,216
14000US17031381500,178,54,138,0,24,11,119,32,178,159,178,0,178,0,178,126,138,3
14000US17031381700,0,0,0,0,0,0,0,0,0,0,0,0,0,0,0,0,0,0
14000US17031381800,1272,327,564,31,241,96,679,150,1300,890,1300,261,1300,0,1252,1078,564,146
14000US17031381900,1335,330,561,14,267,168,659,125,1335,1207,1335,0,1335,6,1335,1105,561,180
14000US17031390100,1376,102,534,11,326,155,725,102,1376,1287,1376,46,1376,5,1355,1150,534,174
14000US17031390200,1746,534,856,10,428,232,998,200,1746,1589,1746,13,1746,0,1733,1542,856,435
14000US17031390300,2665,1220,1306,61,530,388,1065,209,2900,2671,2900,34,2900,8,2814,2214,1306,198
14000US17031390400,2731,1080,1448,75,491,314,1145,222,2765,2553,2765,41,2765,29,2740,2443,1448,304
14000US17031390500,1621,288,786,29,352,112,910,111,1621,1151,1621,35,1621,5,1610,1309,786,234
14000US17031390600,1969,265,878,19,492,97,1149,106,1969,769,1969,141,1969,31,1948,1407,878,364
14000US17031390700,5644,1111,3337,63,976,250,2964,443,5644,2616,5644,435,5644,44,5615,3858,3337,950
14000US17031400300,1392,420,517,37,340,193,666,124,1404,1392,1404,12,1404,0,1378,979,517,174
14000US17031400400,1594,734,684,36,390,365,736,285,1604,1592,1604,19,1604,0,1581,1174,684,134
14000US17031400500,2318,1375,781,107,484,311,753,275,2338,2314,2338,0,2338,14,2280,1679,781,89
14000US17031400800,2884,1702,1106,124,701,532,995,359,2884,2855,2884,1,2884,0,2848,1875,1106,70
14000US17031410100,1797,497,1091,25,294,99,1121,82,1797,906,1797,371,1797,7,1731,1386,1091,198
14000US17031410200,895,330,563,0,171,35,495,55,1061,226,1061,24,1061,32,1047,500,563,104
14000US17031410500,2584,726,1162,13,472,204,1618,308,2689,1541,2689,114,2689,7,2661,1995,1162,411
14000US17031410600,2335,554,1118,49,405,83,1393,29,2513,982,2513,47,2513,46,2502,1583,1118,335
14000US17031410700,1910,354,1081,16,354,90,1107,79,1939,484,1939,79,1939,28,1921,1273,1081,353
14000US17031410800,3207,743,1587,24,590,261,1674,148,3207,1410,3207,242,3207,63,3154,2188,1587,484
14000US17031410900,2871,523,1504,0,550,136,1707,145,2990,933,2990,187,2990,129,2981,2411,1504,710
14000US17031411000,3067,607,1953,14,487,65,1813,146,3492,935,3492,148,3492,45,3485,2382,1953,746
14000US17031411100,1984,278,963,5,519,60,1116,77,2227,120,2227,32,2227,13,2192,1643,963,461
14000US17031411200,1802,359,774,7,463,13,1027,46,1840,233,1840,17,1840,14,1831,1606,774,400
14000US17031420100,1245,533,709,82,232,142,448,57,1245,1158,1245,40,1245,0,1228,1034,709,40
14000US17031420200,1346,334,659,42,295,152,731,126,1591,1027,1591,26,1591,13,1591,1088,659,122
14000US17031420300,1184,366,509,39,225,54,971,191,2058,911,2058,54,2058,48,2036,1411,509,139
14000US17031420400,1363,528,649,0,325,158,769,76,1363,727,1363,92,1363,28,1359,1148,649,140
14000US17031420500,2228,1058,994,130,461,295,870,270,2228,2090,2228,7,2228,0,2228,1957,994,129
14000US17031420600,1607,988,656,29,334,260,610,266,1607,1529,1607,0,1607,7,1607,1346,656,74
14000US17031420700,2985,1211,1168,94,631,444,1177,344,2995,2849,2995,31,2995,0,2936,2243,1168,253
14000US17031420800,2294,839,781,37,518,361,1058,337,2294,2183,2294,23,2294,6,2280,1927,781,172
14000US17031421200,1641,522,630,0,257,99,774,223,1641,1625,1641,16,1641,0,1612,1344,630,221
14000US17031430101,4233,743,1627,118,962,728,2283,527,4233,3762,4233,10,4233,0,4085,3121,1627,254
14000US17031430102,3262,803,1869,54,493,201,1745,266,3262,3157,3262,15,3262,0,3237,2492,1869,460
14000US17031430200,4467,2204,2203,209,1015,691,2168,652,4467,4229,4467,134,4467,3,4417,3325,2203,326
14000US17031430300,2410,930,864,40,498,321,1073,160,2410,2365,2410,0,2410,13,2353,1988,864,155
14000US17031430400,3209,1318,1102,80,577,293,1363,503,3265,3123,3265,21,3265,0,3225,2669,1102,371
14000US17031430500,3438,1426,1688,111,678,388,1507,338,3468,3349,3468,50,3468,10,3452,2874,1688,232
14000US17031430600,1774,473,728,48,443,220,932,166,1774,1699,1774,0,1774,0,1702,1448,728,243
14000US17031430700,2390,826,1221,96,396,190,1513,290,2567,2412,2567,31,2567,13,2509,1908,1221,262
14000US17031430800,1769,440,753,39,458,164,1023,196,1781,1692,1781,13,1781,15,1762,1302,753,285
14000US17031430900,1439,392,679,72,312,126,624,141,1445,1419,1445,0,1445,0,1434,1118,679,189
14000US17031431200,2927,263,1109,35,751,332,1391,325,3019,2889,3019,81,3019,86,3011,2901,1109,846
14000US17031431301,3103,1465,1245,90,668,495,1530,458,3115,2941,3115,31,3115,0,3061,2180,1245,197
14000US17031431302,3310,1159,1409,127,701,628,1417,316,3343,3124,3343,147,3343,22,3266,2298,1409,150
14000US17031431400,6078,1832,3303,139,1127,570,2959,488,6472,6036,6472,142,6472,25,6391,4788,3303,618
14000US17031440101,3764,1569,1544,164,858,503,1769,589,3764,3708,3764,48,3764,20,3653,2989,1544,270
14000US17031440102,2969,1027,1645,77,583,375,1487,403,2969,2944,2969,7,2969,0,2948,2602,1645,233
14000US17031440201,5449,1574,2355,95,1234,949,2819,680,5555,5479,5555,11,5555,48,5480,4683,2355,322
14000US17031440202,3564,964,1603,8,874,454,1543,360,3588,3496,3588,8,3588,70,3566,2974,1603,537
14000US17031440300,4496,531,2040,26,1067,467,2242,406,4496,4247,4496,1,4496,58,4459,3839,2040,1131
14000US17031440600,2155,492,795,25,463,207,1060,206,2155,2119,2155,9,2155,0,2155,2097,795,683
14000US17031440700,1589,430,623,38,372,153,764,192,1589,1557,1589,0,1589,29,1576,1469,623,468
14000US17031440800,2006,820,790,39,481,365,844,207,2029,2002,2029,22,2029,0,1999,1603,790,190
14000US17031440900,2248,298,897,7,499,289,944,217,2299,2282,2299,20,2299,0,2299,2188,897,474
14000US17031450300,3610,701,1473,62,901,340,1738,427,3610,3431,3610,34,3610,0,3575,3281,1473,1046
14000US17031460100,3389,1084,1291,84,697,286,1657,286,3389,2543,3389,866,3389,0,3339,2641,1291,453
14000US17031460200,2422,998,785,42,475,274,953,218,2422,1195,2422,1054,2422,35,2346,1961,785,224
14000US17031460301,3101,1040,1041,27,746,310,1556,430,3101,2140,3101,905,3101,63,3050,2122,1041,543
14000US17031460302,3348,1474,1153,82,780,410,1349,450,3348,3056,3348,175,3348,44,3325,2809,1153,344
14000US17031460400,3299,588,1307,113,817,420,1448,191,3308,3280,3308,0,3308,0,3281,3027,1307,624
14000US17031460500,4899,539,2162,29,1354,723,2189,368,4899,4677,4899,40,4899,71,4899,4495,2162,1421
14000US17031460600,1115,482,389,34,227,111,461,120,1115,894,1115,150,1115,0,1091,855,389,178
14000US17031460700,3039,1807,829,57,640,300,1004,377,3073,1712,3073,1244,3073,30,2997,2157,829,100
14000US17031461000,1927,857,868,57,351,118,582,120,1947,1135,1947,795,1947,9,1922,1586,868,131
14000US17031470100,2837,1245,962,54,560,268,1049,210,2837,2819,2837,0,2837,18,2825,2451,962,478
14000US17031480100,1908,221,870,0,525,184,873,125,1908,1860,1908,11,1908,0,1889,1764,870,689
14000US17031480200,1289,228,591,17,321,153,696,191,1292,1286,1292,0,1292,0,1292,1219,591,334
14000US17031480300,1198,234,554,37,310,174,541,151,1199,1145,1199,67,1199,0,1199,1130,554,370
14000US17031480400,6378,616,2398,81,1736,751,3036,686,6378,6206,6378,56,6378,0,6378,6168,2398,2124
14000US17031480500,3077,655,1073,57,761,358,1222,236,3077,2481,3077,555,3077,64,3033,2442,1073,755
14000US17031490300,2325,455,892,51,525,184,982,160,2325,2195,2325,21,2325,0,2315,2054,892,682
14000US17031490400,949,70,381,33,219,71,495,69,949,927,949,0,949,0,944,874,381,312
14000US17031490500,2237,158,787,50,606,263,1191,278,2508,2405,2508,118,2508,17,2508,2131,787,581
14000US17031490600,1350,178,569,34,413,219,637,170,1350,1325,1350,1,1350,8,1350,1230,569,465
14000US17031490700,2873,776,929,34,693,367,1211,330,2893,2799,2893,0,2893,0,2884,2692,929,682
14000US17031490800,3669,764,1401,49,870,528,1513,271,3685,3467,3685,20,3685,20,3672,3503,1401,980
14000US17031490901,3950,1224,1535,144,810,400,1791,416,3950,3824,3950,3,3950,7,3892,2985,1535,323
14000US17031490902,5345,755,1912,71,1246,542,2496,478,5345,5278,5345,0,5345,0,5313,4621,1912,1182
14000US17031491000,5105,2303,1317,174,1057,661,1646,699,5105,5066,5105,45,5105,43,4996,4539,1317,680
14000US17031491100,4486,843,1492,30,1091,396,1642,288,4728,4605,4728,84,4728,30,4691,4182,1492,1158
14000US17031491200,2742,617,797,29,610,258,1097,364,2742,2725,2742,21,2742,0,2739,2156,797,504
14000US17031491300,2400,766,757,91,509,205,1135,369,2415,2344,2415,37,2415,0,2331,2075,757,313
14000US17031491400,2575,1027,1101,71,453,218,919,102,2678,2631,2678,0,2678,0,2643,2137,1101,287
14000US17031500100,3312,651,1405,90,830,590,1672,332,3312,3263,3312,68,3312,22,3302,2971,1405,747
14000US17031500200,2098,896,749,59,508,314,843,306,2098,1967,2098,79,2098,5,1999,1651,749,312
14000US17031500300,1512,205,761,54,347,122,921,199,1524,487,1524,528,1524,11,1512,1372,761,365
14000US17031510100,3489,866,967,7,723,178,1382,120,3489,181,3489,3023,3489,47,3482,3235,967,682
14000US17031510200,2872,751,1052,18,742,393,1385,264,2872,2325,2872,418,2872,0,2861,2306,1052,691
14000US17031510300,5967,1884,2004,54,1396,626,2453,613,5977,5704,5977,80,5977,0,5877,4973,2004,1189
14000US17031520100,2054,824,584,7,418,72,859,151,2061,132,2061,1721,2061,87,2021,1834,584,329
14000US17031520200,3585,1446,1016,40,668,328,1381,224,3607,428,3607,2746,3607,7,3542,2555,1016,395
14000US17031520300,6751,1921,1747,93,1378,347,2861,419,6751,44,6751,6021,6751,55,6600,6127,1747,1166
14000US17031520400,3857,634,1197,53,969,299,1865,382,3857,186,3857,3138,3857,33,3800,3646,1197,851
14000US17031520500,4377,498,1404,0,1085,257,2325,314,4377,28,4377,2785,4377,70,4325,3858,1404,1135
14000US17031520600,2873,221,829,14,699,158,1316,270,2873,0,2873,2166,2873,70,2873,2862,829,794
14000US17031530100,2458,909,763,106,483,164,1060,215,2502,1338,2502,1036,2502,55,2478,1916,763,293
14000US17031530200,5736,2788,1428,181,1078,691,2055,565,5736,5710,5736,0,5736,0,5677,4445,1428,594
14000US17031530300,4139,831,1385,20,1004,492,1739,330,4165,4066,4165,0,4165,0,4074,3588,1385,1062
14000US17031530400,2034,490,691,59,553,292,946,198,2034,1994,2034,21,2034,0,2012,1829,691,489
14000US17031530501,5264,2329,1684,171,1033,606,1746,484,5297,5114,5297,21,5297,14,5210,3990,1684,857
14000US17031530502,1428,239,480,5,407,161,583,152,1428,1417,1428,0,1428,0,1408,1334,480,385
14000US17031530503,5483,1557,1761,56,1174,497,2352,497,5639,5495,5639,58,5639,19,5606,5100,1761,1475
14000US17031530600,2995,1257,1086,54,716,379,1298,328,2995,2884,2995,88,2995,0,2963,2439,1086,510
14000US17031540101,3554,2380,1136,31,884,618,1147,451,3562,3363,3562,221,3562,0,3560,2750,1136,107
14000US17031540102,3350,1929,1157,138,806,662,1193,521,3444,3348,3444,87,3444,0,3389,3013,1157,154
14000US17031550100,7113,1270,2547,117,1842,479,3252,347,7126,718,7126,3601,7126,50,7114,5774,2547,1708
14000US17031550200,2696,354,1054,4,656,165,1206,88,2696,30,2696,1458,2696,40,2696,2603,1054,979
14000US17031560100,1024,199,311,23,220,68,478,86,1160,91,1160,621,1160,4,1160,1056,311,199
14000US17031560200,1797,229,564,26,437,165,874,180,1797,1412,1797,181,1797,0,1797,1582,564,436
14000US17031560300,3194,224,909,29,765,147,1531,160,3197,389,3197,1829,3197,30,3159,3035,909,862
14000US17031560400,1356,232,378,0,308,24,638,89,1356,0,1356,874,1356,0,1347,1238,378,371
14000US17031560700,3514,459,1169,94,778,125,1841,223,3541,5,3541,1784,3541,50,3460,3059,1169,790
14000US17031560800,5891,225,2141,59,1503,240,3430,416,5893,57,5893,2553,5893,40,5821,5247,2141,1650
14000US17031560900,5282,280,1868,39,1363,149,2974,376,5289,20,5289,1537,5289,26,5289,4938,1868,1625
14000US17031561000,4898,477,1996,31,1349,277,2659,395,4898,0,4898,1805,4898,75,4882,4439,1996,1609
14000US17031561100,5809,171,1947,44,1514,206,2984,294,5809,0,5809,2197,5809,9,5794,5423,1947,1740
14000US17031570100,1335,166,395,35,310,15,827,150,1335,0,1335,990,1335,3,1306,1133,395,263
14000US17031570200,1943,109,575,19,450,119,958,116,1943,19,1943,1440,1943,23,1915,1750,575,448
14000US17031570300,6429,1160,1612,199,1426,345,2948,461,6429,0,6429,4938,6429,90,6309,5606,1612,966
14000US17031570400,1743,263,502,40,380,85,866,117,1812,14,1812,1550,1812,9,1779,1638,502,207
14000US17031570500,2613,461,723,56,622,123,1411,323,2613,193,2613,1806,2613,29,2568,2288,723,398
14000US17031580100,3145,993,852,45,653,72,1473,175,3176,15,3176,2227,3176,56,3138,2802,852,521
14000US17031580200,3022,967,853,83,701,212,1533,247,3088,53,3088,2612,3088,2,3062,2296,853,345
14000US17031580300,2202,347,594,9,471,62,1058,141,2202,0,2202,1839,2202,26,2171,1999,594,327
14000US17031580400,3862,960,1281,56,943,172,1831,409,3894,105,3894,3018,3894,61,3848,3397,1281,575
14000US17031580501,4944,1120,1386,107,1090,195,2737,278,4992,85,4992,4020,4992,85,4952,3766,1386,617
14000US17031580502,4853,1148,1288,90,1031,330,2481,447,4935,210,4935,3733,4935,22,4775,4477,1288,716
14000US17031580600,5879,1463,1508,155,1277,296,2616,269,5894,242,5894,5060,5894,39,5750,5209,1508,556
14000US17031580700,6215,1810,1569,227,1297,217,2729,439,6247,33,6247,5537,6247,77,6172,5941,1569,829
14000US17031580800,1600,487,480,33,384,46,661,102,1600,20,1600,1513,1600,8,1539,1362,480,138
14000US17031590500,1877,412,628,9,421,75,961,144,1877,24,1877,1109,1877,52,1858,1494,628,390
14000US17031590600,4010,468,1183,102,945,163,1877,265,4010,37,4010,2560,4010,34,3957,3707,1183,582
14000US17031590700,3210,637,985,43,743,169,1592,158,3210,205,3210,2212,3210,44,3137,2736,985,402
14000US17031600400,4597,864,1525,104,1036,179,2782,333,4597,17,4597,662,4597,110,4532,3808,1525,640
14000US17031600600,2485,802,910,55,591,146,1457,206,2485,0,2485,731,2485,13,2474,2061,910,418
14000US17031600700,2408,296,944,73,554,116,1399,246,2408,129,2408,916,2408,0,2396,2095,944,364
14000US17031600900,3441,716,1414,60,753,170,2007,245,3497,422,3497,939,3497,38,3415,2805,1414,441
14000US17031610300,5488,1929,1461,138,1163,370,2691,453,5520,265,5520,4645,5520,109,5459,4767,1461,481
14000US17031610400,1594,509,478,76,279,75,755,108,1594,54,1594,1493,1594,15,1582,1247,478,93
14000US17031610800,1562,265,527,32,370,62,845,160,1562,19,1562,185,1562,0,1499,1365,527,361
14000US17031611000,1121,740,282,81,193,70,360,129,1152,704,1152,392,1152,19,1130,879,282,98
14000US17031611100,2507,1210,716,108,553,173,1175,287,2564,443,2564,2023,2564,36,2517,2157,716,196
14000US17031611200,2299,1000,582,125,470,107,898,244,2319,493,2319,1653,2319,24,2262,2052,582,222
14000US17031611300,3011,1113,782,103,564,126,1314,287,3011,402,3011,2339,3011,0,2928,2667,782,248
14000US17031611400,3759,1090,932,191,792,137,1793,213,3759,180,3759,3290,3759,55,3744,3498,932,434
14000US17031611500,2843,594,831,33,612,80,1171,204,2932,275,2932,2517,2932,20,2890,2674,831,348
14000US17031611600,1885,814,402,136,278,140,914,410,1978,1602,1978,376,1978,6,1942,1801,402,200
14000US17031611700,1388,526,397,117,310,154,535,178,1388,991,1388,340,1388,5,1308,1224,397,225
14000US17031611800,2278,1005,631,146,507,260,956,277,2278,1290,2278,784,2278,24,2253,1700,631,233
14000US17031611900,2120,941,546,157,398,226,787,356,2139,1875,2139,199,2139,18,2094,1514,546,164
14000US17031612000,1593,636,451,87,361,173,689,235,1598,1460,1598,121,1598,12,1524,1332,451,230
14000US17031612100,1180,414,415,72,224,146,476,145,1180,1049,1180,24,1180,0,1170,1049,415,184
14000US17031620100,4715,862,1201,51,939,265,2419,463,4748,209,4748,3877,4748,83,4681,4192,1201,960
14000US17031620200,2505,322,712,76,539,137,1331,220,2535,10,2535,1774,2535,0,2449,1873,712,440
14000US17031620300,6933,1266,1938,77,1487,292,3536,465,6981,72,6981,5131,6981,119,6871,6044,1938,1423
14000US17031620400,5244,1058,1225,131,1094,160,2429,472,5253,87,5253,4620,5253,18,5199,4873,1225,880
14000US17031630100,1069,336,306,48,255,99,607,116,1069,227,1069,803,1069,0,1069,889,306,103
14000US17031630200,2131,653,541,13,431,77,999,109,2131,10,2131,1950,2131,44,2131,1931,541,190
14000US17031630300,5715,1138,1266,82,1139,258,2699,545,5760,18,5760,5413,5760,77,5735,4859,1266,824
14000US17031630400,6995,2252,1655,89,1317,211,3224,680,7118,0,7118,6777,7118,21,6903,6280,1655,882
14000US17031630500,6218,1212,1447,67,1290,181,3230,522,6251,106,6251,5840,6251,32,6155,5818,1447,705
14000US17031630800,6766,2167,1650,165,1293,262,3167,545,6860,317,6860,6144,6860,13,6751,6355,1650,1030
14000US17031630900,4772,1185,1221,30,920,82,2451,507,4899,65,4899,4596,4899,100,4839,4109,1221,617
14000US17031640100,1104,49,446,21,279,76,620,77,1104,0,1104,715,1104,12,1027,886,446,245
14000US17031640300,6817,425,2286,51,1674,320,3946,459,6828,12,6828,3040,6828,12,6778,6357,2286,1946
14000US17031640400,3475,250,1219,0,895,228,1852,139,3475,0,3475,1398,3475,11,3462,3034,1219,942
14000US17031640500,3110,198,1305,24,836,140,1684,210,3111,64,3111,923,3111,16,3097,2923,1305,1061
14000US17031640600,4119,708,1611,36,1140,239,2168,229,4123,0,4123,1450,4123,47,4021,3281,1611,833
14000US17031640700,3049,252,1027,45,813,186,1655,134,3049,0,3049,1782,3049,31,2935,2770,1027,861
14000US17031640800,1709,320,468,22,378,119,953,117,1709,87,1709,1246,1709,19,1703,1361,468,367
14000US17031650100,4794,1240,1188,15,1073,225,2606,254,4805,139,4805,3949,4805,10,4706,4205,1188,696
14000US17031650200,7139,1405,2009,38,1601,288,3533,456,7139,102,7139,5639,7139,276,7045,6661,2009,1307
14000US17031650301,5729,800,1542,6,1275,293,2547,288,5729,61,5729,4522,5729,151,5615,5275,1542,1304
14000US17031650302,4116,602,1080,0,939,94,2123,267,4116,117,4116,3516,4116,117,4104,4013,1080,946
14000US17031650400,7254,1538,1669,34,1381,267,3322,387,7254,320,7254,6147,7254,69,7155,5952,1669,1318
14000US17031650500,4131,708,1443,10,909,152,2065,234,4156,378,4156,2803,4156,71,4156,3935,1443,1080
14000US17031660301,1917,832,538,44,421,257,706,158,1917,987,1917,793,1917,0,1883,1496,538,102
14000US17031660302,5657,1137,1368,69,1059,336,2378,398,5657,936,5657,4539,5657,146,5582,4953,1368,509
14000US17031660400,5528,1698,1485,51,1179,281,2315,358,5547,240,5547,5050,5547,65,5462,5009,1485,775
14000US17031660500,5431,1590,1286,6,1013,301,2275,293,5431,949,5431,4167,5431,30,5411,4744,1286,632
14000US17031660600,6131,2545,1823,157,1358,785,2485,513,6192,4071,6192,1992,6192,0,6036,5021,1823,628
14000US17031660700,2399,1108,618,44,443,200,1022,301,2426,2204,2426,24,2426,10,2426,1963,618,303
14000US17031660800,6501,2116,1790,134,1386,542,2828,563,6585,3512,6585,2912,6585,57,6435,5590,1790,744
14000US17031660900,4571,1933,1311,176,965,597,1969,511,4592,3928,4592,275,4592,0,4466,3889,1311,396
14000US17031661000,5640,1191,1949,40,1398,755,2630,699,5651,5314,5651,93,5651,12,5553,5112,1949,1084
14000US17031661100,5826,1303,1750,55,1349,576,2859,334,5887,3052,5887,2460,5887,97,5732,5398,1750,1318
14000US17031670100,1696,774,455,5,333,204,593,145,1798,1748,1798,0,1798,7,1724,1502,455,136
14000US17031670200,1084,414,349,46,234,139,450,199,1093,1005,1093,88,1093,0,1065,854,349,156
14000US17031670300,1239,647,391,48,298,226,590,204,1259,1132,1259,20,1259,0,1217,986,391,137
14000US17031670400,1851,990,450,69,333,181,714,189,1851,1572,1851,188,1851,0,1802,1592,450,191
14000US17031670500,1212,547,365,21,295,207,507,200,1212,1151,1212,56,1212,15,1202,998,365,224
14000US17031670600,1599,669,517,4,332,198,775,278,1603,1450,1603,88,1603,0,1578,1442,517,268
14000US17031670700,1483,486,397,26,311,212,469,131,1483,1413,1483,55,1483,20,1479,1230,397,165
14000US17031670800,1660,819,580,19,358,152,790,358,1666,1631,1666,34,1666,0,1666,1353,580,217
14000US17031670900,1440,368,485,15,355,163,781,338,1440,1423,1440,0,1440,0,1418,1401,485,230
14000US17031671100,1524,1057,373,37,304,189,389,202,1524,1521,1524,0,1524,0,1461,1392,373,137
14000US17031671200,995,429,346,3,239,118,421,181,1018,968,1018,0,1018,0,1018,762,346,191
14000US17031671300,2326,1145,653,7,453,264,1213,369,2339,2304,2339,0,2339,0,2335,2066,653,348
14000US17031671400,1667,409,480,29,404,274,729,183,1704,1662,1704,66,1704,0,1688,1543,480,248
14000US17031671500,3657,1305,1033,88,750,579,1530,736,3730,3591,3730,28,3730,9,3670,2874,1033,402
14000US17031671600,2252,1005,756,30,483,238,842,358,2252,2068,2252,114,2252,12,2244,1791,756,296
14000US17031671800,1119,423,350,47,258,131,523,244,1119,1055,1119,10,1119,0,1119,1085,350,167
14000US17031671900,1302,278,340,14,262,147,643,254,1307,1303,1307,0,1307,0,1298,1137,340,253
14000US17031672000,3794,826,1029,75,768,321,1580,446,3912,3659,3912,222,3912,0,3826,3239,1029,678
14000US17031680500,1322,597,388,32,317,226,542,219,1322,1169,1322,100,1322,10,1279,949,388,192
14000US17031680600,1760,925,554,49,378,256,690,228,1760,1659,1760,0,1760,5,1708,1432,554,126
14000US17031680900,3368,1725,1524,101,711,441,1309,490,3398,3291,3398,48,3398,0,3385,2734,1524,185
14000US17031681000,2858,1638,1097,79,601,363,865,278,2888,2809,2888,76,2888,0,2811,2444,1097,326
14000US17031681100,3429,1697,1040,111,737,605,1305,484,3510,3477,3510,33,3510,11,3423,2641,1040,263
14000US17031681200,2514,1290,800,94,579,418,930,408,2524,2409,2524,0,2524,0,2497,2041,800,245
14000US17031681300,2810,1229,869,75,579,406,999,361,2810,2731,2810,12,2810,0,2755,2171,869,285
14000US17031681400,3166,1497,967,58,646,464,1313,378,3166,3154,3166,0,3166,0,3137,2592,967,446
14000US17031690300,1828,769,755,55,437,321,876,190,2213,2027,2213,12,2213,0,2162,1586,755,90
14000US17031690400,3523,1436,1313,79,774,589,1625,538,3531,3455,3531,122,3531,0,3519,2906,1313,367
14000US17031690500,1011,393,304,55,200,164,446,79,1011,1006,1011,0,1011,0,974,873,304,102
14000US17031690900,4734,1605,1877,90,1066,646,2093,491,4743,4578,4743,52,4743,0,4674,4461,1877,612
14000US17031691000,2434,631,984,11,502,315,1167,155,2434,2379,2434,7,2434,0,2423,2023,984,449
14000US17031691100,3094,1587,1144,114,695,457,1178,385,3101,2983,3101,56,3101,0,3060,2607,1144,333
14000US17031691200,2952,1403,998,32,727,452,1307,189,2952,2792,2952,0,2952,0,2941,2308,998,276
14000US17031691300,2669,239,982,45,593,282,1441,277,2693,2669,2693,31,2693,7,2628,2161,982,595
14000US17031691400,3236,746,1318,45,616,310,1541,347,3236,3139,3236,7,3236,0,3194,2750,1318,690
14000US17031691500,2034,886,706,48,458,283,1041,355,2059,1955,2059,122,2059,11,2018,1319,706,217
14000US17031700100,2990,387,954,103,758,243,1654,144,2990,2022,2990,709,2990,26,2975,2290,954,806
14000US17031700200,6892,1259,1780,49,1433,430,3348,442,6902,934,6902,4796,6902,14,6723,6414,1780,1509
14000US17031700301,6064,1183,1679,0,1391,251,2759,355,6064,733,6064,3797,6064,133,5935,5565,1679,1451
14000US17031700302,5806,798,1696,45,1317,352,2934,291,5806,1250,5806,2587,5806,36,5694,5117,1696,1524
14000US17031700401,6032,435,1810,57,1390,369,3291,279,6125,3436,6125,1758,6125,86,6081,5793,1810,1548
14000US17031700402,3845,616,1250,21,1048,251,2027,277,3845,2476,3845,765,3845,34,3769,3672,1250,1146
14000US17031700501,7620,448,2590,71,1864,681,4072,627,7968,7304,7968,192,7968,0,7968,7499,2590,2149
14000US17031700502,2981,227,1068,15,787,194,1639,326,3121,2898,3121,95,3121,20,3058,2692,1068,927
14000US17031710100,1376,883,504,85,306,246,565,233,1377,1308,1377,68,1377,0,1344,1152,504,102
14000US17031710200,6279,3076,2035,158,1346,1059,2576,923,6279,6123,6279,83,6279,8,6151,4653,2035,463
14000US17031710300,1546,516,571,4,321,239,664,197,1546,1546,1546,0,1546,0,1546,1363,571,215
14000US17031710400,5214,1316,1893,122,1211,523,2522,646,5214,5050,5214,62,5214,11,5202,4555,1893,1091
14000US17031710500,4290,1325,1617,115,960,637,1966,610,4330,4163,4330,58,4330,0,4314,3613,1617,478
14000US17031710600,1819,882,650,32,420,229,661,166,1847,1847,1847,0,1847,0,1801,1494,650,259
14000US17031710700,2682,859,1214,84,642,406,1199,335,2682,2571,2682,26,2682,0,2627,2425,1214,417
14000US17031710800,4739,438,1739,187,1093,562,2057,409,4783,4585,4783,104,4783,0,4598,4171,1739,628
14000US17031710900,2583,1249,779,33,593,313,993,327,2619,2590,2619,5,2619,0,2580,2373,779,350
14000US17031711000,3467,990,1243,99,796,540,1600,592,3485,3447,3485,42,3485,0,3434,3071,1243,672
14000US17031711100,3320,1169,1035,49,716,419,1360,424,3320,3320,3320,11,3320,0,3309,2978,1035,464
14000US17031711200,5044,1118,1898,43,1289,735,2213,371,5057,5030,5057,0,5057,0,5057,4446,1898,1206
14000US17031711300,1627,399,525,6,410,198,804,257,1660,1558,1660,123,1660,0,1634,1413,525,304
14000US17031711400,2108,634,795,45,428,198,866,265,2146,2133,2146,71,2146,1,2127,1730,795,579
14000US17031711500,2578,368,817,25,608,344,1211,292,2589,2550,2589,0,2589,0,2563,2466,817,572
14000US17031720100,4135,25,1440,0,1108,66,2141,85,4135,1458,4135,500,4135,7,4033,3777,1440,1365
14000US17031720200,4558,415,1587,51,1065,241,2188,287,4558,2733,4558,175,4558,37,4519,4035,1587,1133
14000US17031720300,3711,24,1221,0,939,60,1715,107,3712,1135,3712,312,3712,8,3708,3465,1221,1212
14000US17031720400,2124,19,780,3,539,54,1175,121,2125,65,2125,110,2125,28,2106,1931,780,707
14000US17031720500,2149,51,779,0,540,47,1167,61,2149,62,2149,116,2149,0,2123,2095,779,754
14000US17031720600,1790,63,623,9,450,12,917,68,1790,303,1790,19,1790,15,1757,1734,623,524
14000US17031720700,3274,156,1366,81,809,297,1892,131,3293,2073,3293,72,3293,17,3225,3118,1366,723
14000US17031730100,2438,484,913,21,669,285,1193,344,2438,2384,2438,18,2438,35,2434,2337,913,742
14000US17031730201,5674,1496,2280,159,1454,840,2628,507,5714,5417,5714,110,5714,0,5634,5113,2280,965
14000US17031730202,3167,764,950,26,758,319,1601,518,3393,3208,3393,102,3393,8,3376,3238,950,828
14000US17031730300,1043,197,378,5,256,92,519,115,1043,1039,1043,4,1043,0,1034,799,378,213
14000US17031730400,3517,532,1261,48,835,331,1778,421,3524,3417,3524,27,3524,16,3524,3262,1261,897
14000US17031730500,4459,751,1587,34,947,574,2147,340,4479,4297,4479,29,4479,19,4422,4294,1587,1206
14000US17031730600,3333,292,1275,54,818,461,1524,288,3343,3266,3343,0,3343,0,3319,2983,1275,902
14000US17031730700,2298,578,720,60,533,233,931,270,2307,2291,2307,0,2307,0,2265,2109,720,571
14000US17031740100,2826,65,1131,16,749,69,1489,93,2826,0,2826,135,2826,35,2717,2530,1131,1050
14000US17031740200,5669,197,1938,0,1513,212,3185,327,6249,174,6249,371,6249,0,6234,5865,1938,1886
14000US17031740300,4612,59,1633,13,1146,131,2425,124,4612,82,4612,342,4612,18,4540,4397,1633,1495
14000US17031740400,4710,217,1759,75,1137,212,2655,305,4710,571,4710,272,4710,0,4569,4274,1759,1327
14000US17031750100,4379,1237,1443,48,1071,639,2022,438,4419,4157,4419,118,4419,0,4368,4016,1443,1007
14000US17031750200,2893,196,1113,40,765,120,1516,176,2893,1539,2893,43,2893,0,2869,2783,1113,944
14000US17031750300,2950,34,944,19,692,95,1562,120,2950,362,2950,213,2950,22,2897,2700,944,763
14000US17031750400,3232,143,1193,10,770,154,1986,151,3248,841,3248,42,3248,6,3182,3040,1193,952
14000US17031750500,6095,893,2088,50,1284,468,2856,321,6390,4504,6390,32,6390,19,6336,5933,2088,1470
14000US17031750600,3589,1082,1201,51,797,399,1542,425,3668,3552,3668,16,3668,0,3602,3179,1201,902
14000US17031760801,4272,870,2156,20,898,209,2475,135,4272,108,4272,295,4272,233,4250,3739,2156,493
14000US17031760802,2191,237,1085,0,645,93,1129,62,2191,0,2191,244,2191,53,2185,1962,1085,845
14000US17031760803,7237,1673,2834,15,1825,122,3929,424,7237,67,7237,1201,7237,235,7021,6395,2834,1379
14000US17031770500,3747,718,1127,28,782,203,2156,162,3771,72,3771,3051,3771,0,3688,3610,1127,783
14000US17031770602,4744,908,1568,17,1135,121,2550,172,4944,62,4944,2324,4944,103,4920,4688,1568,856
14000US17031770700,2680,308,1282,19,707,155,1557,148,2680,103,2680,277,2680,93,2660,2378,1282,465
14000US17031770800,5862,702,2076,25,1473,258,3278,356,5862,195,5862,1281,5862,23,5784,5562,2076,1500
14000US17031770902,3328,314,1471,28,890,161,1779,98,3329,11,3329,182,3329,41,3276,3118,1471,991
14000US17031805600,4625,143,1496,26,1224,124,2225,148,4625,23,4625,197,4625,50,4625,4352,1496,1354
14000US17031807900,4176,172,1361,14,1179,112,2128,118,4176,0,4176,493,4176,137,4164,3881,1361,1272
14000US17031808100,2964,243,1544,0,771,194,1408,84,3514,184,3514,111,3514,45,3457,3014,1544,1307
14000US17031810400,5340,252,2123,34,1459,143,2748,159,5340,1,5340,382,5340,106,5321,5153,2123,1943
14000US17031821402,3780,494,1347,21,907,394,1980,375,3780,3511,3780,48,3780,34,3780,3379,1347,928
14000US17031823304,5975,853,2282,16,1340,394,3213,337,5975,821,5975,1306,5975,49,5915,5372,2282,1482
14000US17031830500,4131,1147,983,50,838,152,1970,262,4202,32,4202,4042,4202,0,4194,3979,983,653
14000US17031830600,5104,1474,1944,80,895,214,3177,142,5129,835,5129,2269,5129,37,5105,4201,1944,616
14000US17031830700,3466,1153,1783,85,545,170,2400,399,3542,1133,3542,467,3542,83,3515,2456,1783,583
14000US17031830800,2503,206,1444,54,416,69,1930,117,2503,188,2503,186,2503,21,2465,2022,1444,283
14000US17031830900,2649,235,1161,25,567,147,1863,93,2649,43,2649,962,2649,112,2535,2151,1161,578
14000US17031831000,2458,20,1161,30,528,34,1817,123,2458,97,2458,164,2458,9,2383,1818,1161,725
14000US17031831100,7694,1318,2591,111,1716,259,4146,325,7733,268,7733,4610,7733,220,7662,6653,2591,1116
14000US17031831200,5049,1199,1353,31,1049,207,2599,407,5049,225,5049,4464,5049,464,5032,4077,1353,522
14000US17031831300,1227,317,397,7,309,100,490,94,1227,407,1227,785,1227,46,1198,1113,397,242
14000US17031831400,2285,855,1025,37,597,346,931,122,2536,2001,2536,158,2536,41,2514,2089,1025,291
14000US17031831500,3770,333,1162,20,753,198,2072,174,3773,194,3773,2269,3773,96,3763,3494,1162,780
14000US17031831600,6808,1000,2384,46,1597,281,3680,636,6870,499,6870,3924,6870,420,6852,6157,2384,1135
14000US17031831700,2215,244,734,35,474,67,1292,185,2219,99,2219,1270,2219,0,2198,1976,734,396
14000US17031831800,5816,849,2039,26,1425,153,3536,369,6136,347,6136,1456,6136,108,6003,5021,2039,869
14000US17031831900,2566,133,1265,0,433,39,1972,57,2566,1,2566,79,2566,33,2537,1913,1265,592
14000US17031832000,2014,360,943,16,265,5,1593,104,2014,80,2014,264,2014,10,1978,1282,943,371
14000US17031832100,3249,679,1774,137,516,158,2459,235,3249,700,3249,189,3249,71,3226,2082,1774,533
14000US17031832200,3066,241,1512,23,503,18,2258,78,3067,82,3067,532,3067,54,3051,2498,1512,642
14000US17031832300,2233,134,914,5,439,14,1511,58,2233,63,2233,472,2233,54,2146,1812,914,432
14000US17031832400,3442,605,1205,8,624,87,2087,103,3442,79,3442,1629,3442,261,3419,2706,1205,596
14000US17031832500,3231,781,1361,67,664,158,1920,140,3602,277,3602,397,3602,25,3544,2611,1361,631
14000US17031832600,4267,489,1940,17,812,49,3063,142,4269,102,4269,252,4269,41,4215,3159,1940,1040
14000US17031832900,2455,939,1040,15,375,43,1457,89,2455,70,2455,223,2455,64,2372,1636,1040,330
14000US17031833000,2534,304,1427,0,507,10,1904,65,2534,336,2534,38,2534,0,2468,1949,1427,749
14000US17031833100,6879,1013,3795,47,1552,297,5259,349,7113,930,7113,365,7113,86,6985,5258,3795,2457
14000US17031833300,2267,908,873,6,302,99,1415,166,2267,163,2267,330,2267,48,2255,1505,873,333
14000US17031833900,2442,1060,730,58,563,253,937,146,2450,1086,2450,1341,2450,54,2390,1993,730,277
14000US17031834000,3811,711,1187,48,958,575,1588,318,3822,3593,3822,138,3822,0,3808,2819,1187,227
14000US17031834200,4759,1683,2022,128,1175,605,2441,669,4759,4703,4759,60,4759,0,4685,3798,2022,616
14000US17031834300,6277,1136,2467,66,1576,862,3311,665,6341,6223,6341,1,6341,0,6322,5665,2467,1575
14000US17031834400,3943,1010,1659,45,892,561,1771,346,3943,3674,3943,47,3943,0,3943,3379,1659,578
14000US17031834500,1607,768,484,67,372,295,615,224,1619,1480,1619,56,1619,0,1601,956,484,149
14000US17031834600,3150,1238,962,130,662,480,961,337,3150,3064,3150,0,3150,0,3136,2473,962,298
14000US17031834700,2018,955,653,76,443,262,688,219,2020,1916,2020,39,2020,0,1999,1732,653,345
14000US17031834800,1784,895,664,28,366,279,589,186,1813,1794,1813,0,1813,0,1778,1542,664,214
14000US17031834900,2322,1115,834,52,428,271,779,295,2322,2245,2322,16,2322,0,2248,1706,834,222
14000US17031835000,5641,2384,1668,62,1092,494,2229,527,5713,3386,5713,2104,5713,114,5621,4652,1668,501
14000US17031835100,5492,1103,1307,120,1082,163,2689,585,5492,889,5492,4475,5492,37,5355,4678,1307,828
14000US17031835200,1769,226,591,7,396,76,849,94,1769,6,1769,987,1769,0,1769,1624,591,402
14000US17031835500,1545,554,752,173,299,179,562,149,1545,1305,1545,197,1545,8,1526,1229,752,193
14000US17031835600,1253,521,410,65,263,156,512,233,1253,1229,1253,8,1253,0,1236,1190,410,193
14000US17031835700,230,230,71,10,71,10,125,125,230,210,230,0,230,0,230,210,71,0
14000US17031835800,1400,499,588,47,296,174,855,246,1439,1385,1439,29,1439,27,1394,943,588,266
14000US17031835900,3488,1446,1535,94,732,513,1577,378,3494,3150,3494,139,3494,8,3478,2807,1535,379
14000US17031836000,2653,863,1040,51,655,369,1480,368,2658,2460,2658,47,2658,0,2625,2082,1040,504
14000US17031836100,1633,603,608,70,379,245,817,190,1681,1668,1681,82,1681,55,1629,1204,608,105
14000US17031836200,308,45,94,0,60,0,475,64,1499,93,1499,33,1499,39,1471,877,94,64
14000US17031836300,1555,205,668,26,352,105,1001,141,1577,1074,1577,30,1577,14,1577,1154,668,321
14000US17031836400,3092,1014,1534,87,739,358,1535,355,3114,2881,3114,121,3114,30,3083,2410,1534,453
14000US17031836500,1646,706,651,11,439,351,801,264,1646,1574,1646,53,1646,0,1602,1460,651,63
14000US17031836600,2215,690,931,47,406,174,1106,137,2276,780,2276,1284,2276,178,2276,2009,931,265
14000US17031836700,2480,908,766,63,554,384,802,103,2506,1965,2506,533,2506,26,2446,2210,766,193
14000US17031836800,2552,1281,939,75,524,371,818,174,2566,2409,2566,38,2566,10,2463,2154,939,228
14000US17031836900,1673,544,499,49,362,221,690,103,1673,1579,1673,60,1673,0,1652,1463,499,140
14000US17031837000,2326,872,833,37,456,244,982,164,2338,2145,2338,119,2338,12,2288,2039,833,204
14000US17031837100,2058,670,875,5,397,152,802,150,2071,1702,2071,135,2071,0,2046,1600,875,253
14000US17031837300,1764,866,595,35,406,256,595,74,2035,1866,2035,64,2035,11,2022,1376,595,205
14000US17031837400,2000,859,627,40,390,260,724,185,2000,1870,2000,11,2000,0,1978,1565,627,112
14000US17031837800,3157,866,1142,81,622,249,1757,342,3431,2600,3431,359,3431,9,3397,2568,1142,226
14000US17031838000,2923,1349,1265,205,522,269,1403,311,2923,1957,2923,306,2923,26,2914,2130,1265,390
14000US17031838100,1853,511,1160,69,267,104,1119,164,1860,857,1860,196,1860,0,1854,1289,1160,158
14000US17031838200,927,261,370,0,163,64,748,65,1733,316,1733,321,1733,32,1733,927,370,221
14000US17031838300,1280,427,565,41,248,141,745,85,1379,727,1379,276,1379,8,1379,1225,565,57
14000US17031838600,1565,779,411,80,294,251,340,73,1774,1704,1774,50,1774,6,1744,962,411,54
14000US17031838700,4566,1812,1293,99,947,668,1376,404,4584,4200,4584,276,4584,19,4518,3853,1293,247
14000US17031838800,3405,1481,1027,58,784,488,1195,302,3405,1942,3405,1292,3405,13,3383,2702,1027,369
14000US17031839000,7488,1471,4128,24,1419,187,5725,268,8126,1013,8126,393,8126,192,7962,5319,4128,2052
14000US17031839100,3789,810,2272,75,544,45,3160,231,4897,761,4897,306,4897,56,4836,2735,2272,916
14000US17031839200,2224,416,1342,51,411,265,1418,242,2226,1726,2226,50,2226,57,2222,1631,1342,524
14000US17031839500,1393,278,801,27,272,65,650,60,1558,1150,1558,48,1558,0,1558,1299,801,319
14000US17031839600,1685,410,889,0,361,154,922,182,1891,1662,1891,23,1891,0,1874,1540,889,318
14000US17031839700,4971,1565,1780,72,1020,321,2784,544,4971,109,4971,2391,4971,86,4951,3984,1780,872
14000US17031839800,2865,455,1160,39,704,194,1641,180,2865,7,2865,912,2865,34,2827,2507,1160,412
14000US17031839900,3678,631,1542,64,974,208,1990,237,3686,46,3686,845,3686,0,3601,3218,1542,946
14000US17031840000,2624,324,993,13,638,101,1455,202,2624,43,2624,468,2624,20,2535,2232,993,754
14000US17031840100,3002,948,979,60,689,135,1626,405,3011,0,3011,627,3011,27,3000,2683,979,336
14000US17031840200,2474,556,809,44,571,78,1425,163,2495,23,2495,498,2495,13,2459,2114,809,465
14000US17031840300,4213,1245,1173,59,908,173,2189,339,4213,112,4213,2753,4213,100,4192,3910,1173,747
14000US17031840400,3228,1057,1173,61,706,247,1564,273,3228,110,3228,1392,3228,15,3204,2823,1173,711
14000US17031840700,4243,1779,1115,154,783,275,2204,376,4296,123,4296,3798,4296,124,4216,3882,1115,315
14000US17031840800,3598,1251,890,120,746,271,1448,318,3598,8,3598,3511,3598,9,3520,3340,890,329
14000US17031841000,689,190,411,14,145,49,416,79,689,383,689,0,689,30,666,592,411,216
14000US17031841100,7535,2803,2661,145,1912,397,4268,615,7536,233,7536,50,7536,75,7493,6481,2661,1257
14000US17031841200,5640,1899,1662,105,1165,404,2755,404,5640,304,5640,4841,5640,41,5587,4604,1662,481
14000US17031841300,4390,1189,1439,168,955,318,2307,353,4390,83,4390,3859,4390,39,4348,3962,1439,404
14000US17031841400,1391,716,416,20,320,212,504,180,1391,1200,1391,120,1391,0,1362,803,416,102
14000US17031841500,2795,1461,765,98,619,462,906,321,2795,2622,2795,124,2795,4,2739,2020,765,128
14000US17031841600,754,372,239,30,179,126,211,53,754,742,754,0,754,0,754,663,239,37
14000US17031841700,1349,587,637,114,256,109,496,83,1349,877,1349,451,1349,25,1349,1231,637,175
14000US17031841800,2369,758,907,72,555,407,869,185,2372,2267,2372,165,2372,14,2338,2023,907,390
14000US17031841900,3310,620,1569,0,609,36,3051,369,5098,791,5098,777,5098,61,5028,3173,1569,968
14000US17031842000,949,313,387,0,216,62,1147,202,3001,1100,3001,188,3001,61,3001,1799,387,281
14000US17031842100,6644,2901,2069,128,1463,763,2711,453,6758,4247,6758,2606,6758,358,6624,5840,2069,906
14000US17031842200,2601,390,1510,121,450,103,1852,82,2601,722,2601,309,2601,92,2566,2083,1510,635
14000US17031842300,3407,527,1596,33,534,82,2526,228,3407,520,3407,249,3407,41,3366,2619,1596,778
14000US17031842400,3454,1156,1400,50,687,369,1500,415,3454,3454,3454,0,3454,0,3439,3080,1400,780
14000US17031842500,2459,1766,807,108,594,513,732,280,2459,2454,2459,3,2459,0,2357,1968,807,106
14000US17031842600,4874,1024,1390,200,1159,172,2476,389,4874,36,4874,1721,4874,20,4846,3999,1390,752
14000US17031842800,7499,2452,1909,180,1503,235,3183,487,7539,10,7539,6708,7539,134,7505,6468,1909,800
14000US17031842900,2165,1072,1210,94,378,216,938,281,2165,1563,2165,416,2165,115,2125,1638,1210,162
14000US17031843000,2969,1535,1026,112,671,546,965,318,2977,2939,2977,48,2977,0,2953,2425,1026,180
14000US17031843100,2282,674,581,47,444,262,732,103,2379,2113,2379,61,2379,17,2379,1836,581,103
14000US17031843200,3233,757,837,80,667,166,1635,365,3233,27,3233,2848,3233,0,3193,2758,837,313
14000US17031843300,1425,605,401,15,281,121,665,138,1564,902,1564,553,1564,19,1551,1154,401,70
14000US17031843400,1590,327,430,14,309,154,660,161,1590,1280,1590,238,1590,5,1567,1500,430,288
14000US17031843500,998,449,311,69,237,49,598,92,8758,5719,8758,2084,8758,81,8751,2339,311,138
14000US17031843600,2543,791,1074,20,588,369,1024,325,2543,2415,2543,41,2543,13,2526,2180,1074,193
14000US17031843700,2218,230,952,17,473,35,1232,71,2218,16,2218,355,2218,34,2209,1860,952,524
14000US17031843800,1886,613,571,56,384,193,941,363,1910,1056,1910,340,1910,27,1907,1204,571,229
14000US17031843900,3357,760,1836,93,719,455,1745,348,3392,3145,3392,169,3392,0,3357,2507,1836,481
14000US17031980000,0,0,0,0,0,0,0,0,0,0,0,0,0,0,0,0,0,0
14000US17031980100,0,0,0,0,0,0,0,0,0,0,0,0,0,0,0,0,0,0
14000US17043840000,3136,396,884,0,767,138,1836,166,3136,187,3136,1950,3136,8,3120,2716,884,585
14000US17043840801,2264,429,827,24,466,170,1093,97,2423,131,2423,1298,2423,23,2423,2168,827,427
16000US1714000,2656947,601378,1028746,42852,565707,176603,1431300,194493,2706101,873393,2706101,775748,2706101,48535,2668409,2230217,1028746,466089
